"","basisOfRecord","species","decimalLongitude","decimalLatitude","issues"
"1","HUMAN_OBSERVATION","Geomys pinetis",-86.135574,31.562456,"cdround,gass84"
"2","HUMAN_OBSERVATION","Geomys pinetis",-86.14243,31.581875,"cdround,gass84"
"3","HUMAN_OBSERVATION","Geomys pinetis",-82.608551,29.578648,"cdround,gass84,cdumi"
"4","HUMAN_OBSERVATION","Geomys pinetis",-85.148712,31.01293,"cdround,gass84"
"5","HUMAN_OBSERVATION","Geomys pinetis",-81.950836,29.678706,"cdround,gass84"
"6","HUMAN_OBSERVATION","Geomys pinetis",-85.04509,31.012352,"cdround,gass84"
"7","HUMAN_OBSERVATION","Geomys pinetis",-85.395691,31.470667,"cdround,gass84"
"8","HUMAN_OBSERVATION","Geomys pinetis",-82.375696,29.042498,"cdround,gass84"
"9","HUMAN_OBSERVATION","Geomys pinetis",-86.14473,32.07053,"cdround,gass84"
"10","HUMAN_OBSERVATION","Geomys pinetis",-85.097571,31.278373,"cdround,gass84"
"11","HUMAN_OBSERVATION","Geomys pinetis",-85.06585,31.085059,"cdround,gass84"
"12","HUMAN_OBSERVATION","Geomys pinetis",-85.075613,31.187633,"cdround,gass84"
"13","HUMAN_OBSERVATION","Geomys pinetis",-85.149666,31.012867,"cdround,gass84"
"14","HUMAN_OBSERVATION","Geomys pinetis",-81.226445,28.972019,"gass84"
"15","HUMAN_OBSERVATION","Geomys pinetis",-81.524956,27.828419,"gass84"
"16","HUMAN_OBSERVATION","Geomys pinetis",-85.20885,32.337611,"cdround,gass84"
"17","HUMAN_OBSERVATION","Geomys pinetis",-85.258399,32.344721,"cdround,gass84"
"18","HUMAN_OBSERVATION","Geomys pinetis",-85.082289,31.188986,"gass84"
"19","HUMAN_OBSERVATION","Geomys pinetis",-85.18373,32.360212,"cdround,gass84"
"20","HUMAN_OBSERVATION","Geomys pinetis",-82.512302,29.595327,"gass84"
"21","HUMAN_OBSERVATION","Geomys pinetis",-82.61213,29.578397,"cdround,gass84"
"22","HUMAN_OBSERVATION","Geomys pinetis",-85.455217,32.029839,"cdround,gass84"
"23","HUMAN_OBSERVATION","Geomys pinetis",-81.834292,27.913901,"gass84"
"24","HUMAN_OBSERVATION","Geomys pinetis",-86.05785,31.598964,"cdround,gass84"
"25","HUMAN_OBSERVATION","Geomys pinetis",-81.8575,27.989722,"gass84"
"26","HUMAN_OBSERVATION","Geomys pinetis",-86.145351,32.071513,"cdround,gass84"
"27","HUMAN_OBSERVATION","Geomys pinetis",-86.234873,31.800739,"cdround,gass84"
"28","HUMAN_OBSERVATION","Geomys pinetis",-86.295096,31.877954,"cdround,gass84"
"29","HUMAN_OBSERVATION","Geomys pinetis",-86.331463,31.876432,"cdround,gass84"
"30","HUMAN_OBSERVATION","Geomys pinetis",-86.247848,31.808694,"cdround,gass84"
"31","HUMAN_OBSERVATION","Geomys pinetis",-86.242671,31.808515,"cdround,gass84"
"32","HUMAN_OBSERVATION","Geomys pinetis",-86.604318,32.60174,"cdround,gass84"
"33","HUMAN_OBSERVATION","Geomys pinetis",-86.602853,32.619028,"cdround,gass84"
"34","HUMAN_OBSERVATION","Geomys pinetis",-86.32193,31.900274,"cdround,gass84"
"35","HUMAN_OBSERVATION","Geomys pinetis",-86.251549,31.805592,"cdround,gass84"
"36","HUMAN_OBSERVATION","Geomys pinetis",-82.331024,28.613788,"cdround,gass84"
"37","HUMAN_OBSERVATION","Geomys pinetis",-86.099403,31.827915,"cdround,gass84"
"38","HUMAN_OBSERVATION","Geomys pinetis",-81.578125,29.078175,"cdround,gass84"
"39","HUMAN_OBSERVATION","Geomys pinetis",-81.578136,29.078286,"cdround,gass84"
"40","HUMAN_OBSERVATION","Geomys pinetis",-83.911178,31.954835,"gass84"
"41","HUMAN_OBSERVATION","Geomys pinetis",-85.455312,32.031298,"cdround,gass84"
"42","HUMAN_OBSERVATION","Geomys pinetis",-85.394808,32.298319,"cdround,gass84"
"43","HUMAN_OBSERVATION","Geomys pinetis",-85.116677,31.522567,"cdround,gass84"
"44","HUMAN_OBSERVATION","Geomys pinetis",-85.516155,32.089123,"cdround,gass84"
"45","HUMAN_OBSERVATION","Geomys pinetis",-85.074864,31.061735,"cdround,gass84"
"46","HUMAN_OBSERVATION","Geomys pinetis",-85.051571,31.089968,"cdround,gass84"
"47","HUMAN_OBSERVATION","Geomys pinetis",-85.075516,31.058337,"gass84"
"48","HUMAN_OBSERVATION","Geomys pinetis",-85.065916,31.086468,"cdround,gass84"
"49","HUMAN_OBSERVATION","Geomys pinetis",-85.061397,31.089775,"cdround,gass84"
"50","HUMAN_OBSERVATION","Geomys pinetis",-85.062909,31.089874,"cdround,gass84"
"51","HUMAN_OBSERVATION","Geomys pinetis",-85.14058,31.560526,"gass84"
"52","HUMAN_OBSERVATION","Geomys pinetis",-85.111011,31.499705,"cdround,gass84"
"53","HUMAN_OBSERVATION","Geomys pinetis",-85.140071,31.571168,"cdround,gass84"
"54","HUMAN_OBSERVATION","Geomys pinetis",-85.175052,31.445424,"gass84"
"55","HUMAN_OBSERVATION","Geomys pinetis",-85.112106,31.501305,"cdround,gass84"
"56","HUMAN_OBSERVATION","Geomys pinetis",-85.204638,31.437851,"cdround,gass84"
"57","HUMAN_OBSERVATION","Geomys pinetis",-85.219101,31.479915,"cdround,gass84"
"58","HUMAN_OBSERVATION","Geomys pinetis",-85.071989,31.067779,"cdround,gass84"
"59","HUMAN_OBSERVATION","Geomys pinetis",-85.069318,31.053892,"cdround,gass84"
"60","HUMAN_OBSERVATION","Geomys pinetis",-85.054369,31.056884,"cdround,gass84"
"61","HUMAN_OBSERVATION","Geomys pinetis",-85.069297,31.074813,"cdround,gass84"
"62","HUMAN_OBSERVATION","Geomys pinetis",-85.21664,31.485899,"gass84"
"63","HUMAN_OBSERVATION","Geomys pinetis",-85.202058,31.507168,"cdround,gass84"
"64","HUMAN_OBSERVATION","Geomys pinetis",-85.060041,31.039099,"cdround,gass84"
"65","HUMAN_OBSERVATION","Geomys pinetis",-85.061138,31.056897,"cdround,gass84"
"66","HUMAN_OBSERVATION","Geomys pinetis",-85.243075,31.45066,"cdround,gass84"
"67","HUMAN_OBSERVATION","Geomys pinetis",-85.210477,31.495017,"cdround,gass84"
"68","HUMAN_OBSERVATION","Geomys pinetis",-85.418535,32.079269,"cdround,gass84"
"69","HUMAN_OBSERVATION","Geomys pinetis",-85.238779,31.438998,"cdround,gass84"
"70","HUMAN_OBSERVATION","Geomys pinetis",-86.726098,32.758844,"cdround,gass84"
"71","HUMAN_OBSERVATION","Geomys pinetis",-81.324294,29.650761,"cdround,gass84"
"72","HUMAN_OBSERVATION","Geomys pinetis",-82.605562,29.676458,"cdround,gass84"
"73","HUMAN_OBSERVATION","Geomys pinetis",-81.595931,27.99243,"gass84"
"74","HUMAN_OBSERVATION","Geomys pinetis",-82.630555,29.562912,"cdround,gass84"
"75","HUMAN_OBSERVATION","Geomys pinetis",-82.60215,29.670662,"cdround,gass84"
"76","HUMAN_OBSERVATION","Geomys pinetis",-82.624863,29.560222,"cdround,gass84"
"77","HUMAN_OBSERVATION","Geomys pinetis",-82.60578,29.669195,"gass84"
"78","HUMAN_OBSERVATION","Geomys pinetis",-85.542965,32.300448,"cdround,gass84"
"79","HUMAN_OBSERVATION","Geomys pinetis",-85.472267,32.036297,"cdround,gass84"
"80","HUMAN_OBSERVATION","Geomys pinetis",-81.575855,27.937649,"cdround,gass84"
"81","HUMAN_OBSERVATION","Geomys pinetis",-82.639617,29.463462,"cdround,gass84"
"82","HUMAN_OBSERVATION","Geomys pinetis",-82.718255,29.818393,"cdround,gass84"
"83","HUMAN_OBSERVATION","Geomys pinetis",-84.468519,31.226144,"gass84"
"84","HUMAN_OBSERVATION","Geomys pinetis",-85.822646,30.551658,"gass84"
"85","HUMAN_OBSERVATION","Geomys pinetis",-81.536571,29.46726,"cdround,gass84"
"86","HUMAN_OBSERVATION","Geomys pinetis",-82.102005,28.410864,"cdround,gass84"
"87","HUMAN_OBSERVATION","Geomys pinetis",-82.140265,28.43132,"cdround,gass84"
"88","HUMAN_OBSERVATION","Geomys pinetis",-82.555729,29.149684,"cdround,gass84"
"89","HUMAN_OBSERVATION","Geomys pinetis",-82.604766,29.347137,"cdround,gass84"
"90","HUMAN_OBSERVATION","Geomys pinetis",-83.192662,30.486739,"cdround,gass84"
"91","HUMAN_OBSERVATION","Geomys pinetis",-82.638331,29.564385,"cdround,gass84"
"92","HUMAN_OBSERVATION","Geomys pinetis",-81.450078,28.781513,"cdround,gass84"
"93","HUMAN_OBSERVATION","Geomys pinetis",-82.3015,28.635339,"cdround,gass84"
"94","HUMAN_OBSERVATION","Geomys pinetis",-81.351015,29.131724,"cdround,gass84"
"95","HUMAN_OBSERVATION","Geomys pinetis",-85.200428,30.505325,"cdround,gass84"
"96","HUMAN_OBSERVATION","Geomys pinetis",-85.642519,30.531022,"cdround,gass84"
"97","HUMAN_OBSERVATION","Geomys pinetis",-85.698785,30.485691,"cdround,gass84"
"98","HUMAN_OBSERVATION","Geomys pinetis",-86.457655,30.750752,"cdround,gass84"
"99","HUMAN_OBSERVATION","Geomys pinetis",-86.475,30.72,"gass84"
"100","HUMAN_OBSERVATION","Geomys pinetis",-81.462682,28.711388,"gass84"
"101","HUMAN_OBSERVATION","Geomys pinetis",-85.54202,32.29794,"gass84"
"102","HUMAN_OBSERVATION","Geomys pinetis",-81.709642,29.324832,"cdround,gass84"
"103","PRESERVED_SPECIMEN","Geomys pinetis",-83.0783,31.1978,"gass84"
"104","PRESERVED_SPECIMEN","Geomys pinetis",-85.0783,31.1978,"gass84"
"105","PRESERVED_SPECIMEN","Geomys pinetis",-85.351593,30.527138,"cdround,gass84,txmathi"
"106","PRESERVED_SPECIMEN","Geomys pinetis",-84.114891,30.74575,"cdround,gass84"
"107","PRESERVED_SPECIMEN","Geomys pinetis",-85.281036,30.532139,"cdround,gass84,txmathi"
"108","PRESERVED_SPECIMEN","Geomys pinetis",-86.871628,30.889629,"cdround,gass84,txmathi"
"109","PRESERVED_SPECIMEN","Geomys pinetis",-86.459877,32.480633,"cdround,gass84,txmathi"
"110","PRESERVED_SPECIMEN","Geomys pinetis",-84.283241,31.37851,"cdround,gass84"
"111","PRESERVED_SPECIMEN","Geomys pinetis",-83.941002,30.719084,"cdround,gass84"
"112","PRESERVED_SPECIMEN","Geomys pinetis",-84.113785,30.739082,"cdround,gass84"
"113","PRESERVED_SPECIMEN","Geomys pinetis",-83.721825,30.492706,"cdround,gass84"
"114","PRESERVED_SPECIMEN","Geomys pinetis",-86.859405,30.901018,"cdround,gass84,txmathi"
"115","PRESERVED_SPECIMEN","Geomys pinetis",-83.488762,30.489096,"cdround,gass84"
"116","PRESERVED_SPECIMEN","Geomys pinetis",-83.919327,30.572422,"cdround,gass84"
"117","PRESERVED_SPECIMEN","Geomys pinetis",-85.040207,30.976574,"cdround,gass84,txmathi"
"118","PRESERVED_SPECIMEN","Geomys pinetis",-85.350277,30.558333,"cdround,gass84,txmathi"
"119","PRESERVED_SPECIMEN","Geomys pinetis",-85.3281,30.6083,"gass84,txmathi"
"120","PRESERVED_SPECIMEN","Geomys pinetis",-86.946159,30.641092,"cdround,gass84,txmathi"
"121","PRESERVED_SPECIMEN","Geomys pinetis",-86.629456,31.044279,"cdround,gass84,txmathi"
"122","PRESERVED_SPECIMEN","Geomys pinetis",-84.231796,30.314901,"cdround,gass84"
"123","PRESERVED_SPECIMEN","Geomys pinetis",-85.019623,30.734293,"cdround,gass84,txmathi"
"124","PRESERVED_SPECIMEN","Geomys pinetis",-83.978683,30.432102,"cdround,gass84"
"125","PRESERVED_SPECIMEN","Geomys pinetis",-82.712044,30.308228,"cdround,gass84"
"126","PRESERVED_SPECIMEN","Geomys pinetis",-87.441277,30.479296,"cdround,gass84,txmathi"
"127","PRESERVED_SPECIMEN","Geomys pinetis",-82.717064,29.826624,"cdround,gass84"
"128","PRESERVED_SPECIMEN","Geomys pinetis",-86.885239,30.875462,"cdround,gass84,txmathi"
"129","PRESERVED_SPECIMEN","Geomys pinetis",-86.157715,30.354366,"cdround,gass84,txmathi"
"130","PRESERVED_SPECIMEN","Geomys pinetis",-86.888016,30.881851,"cdround,gass84,txmathi"
"131","PRESERVED_SPECIMEN","Geomys pinetis",-86.871071,30.826019,"cdround,gass84,txmathi"
"132","PRESERVED_SPECIMEN","Geomys pinetis",-86.876625,30.692413,"cdround,gass84,txmathi"
"133","PRESERVED_SPECIMEN","Geomys pinetis",-81.661102,28.055998,"cdround,gass84"
"134","PRESERVED_SPECIMEN","Geomys pinetis",-86.873848,30.800741,"cdround,gass84,txmathi"
"135","PRESERVED_SPECIMEN","Geomys pinetis",-87.088028,30.662693,"gass84,txmathi"
"136","PRESERVED_SPECIMEN","Geomys pinetis",-86.873848,30.803242,"cdround,gass84,txmathi"
"137","PRESERVED_SPECIMEN","Geomys pinetis",-86.853577,30.756855,"cdround,gass84,txmathi"
"138","PRESERVED_SPECIMEN","Geomys pinetis",-86.877182,30.672691,"cdround,gass84,txmathi"
"139","PRESERVED_SPECIMEN","Geomys pinetis",-83.147964,30.36932,"cdround,gass84"
"140","PRESERVED_SPECIMEN","Geomys pinetis",-83.58757,30.077213,"cdround,gass84"
"141","PRESERVED_SPECIMEN","Geomys pinetis",-83.179855,30.053824,"cdround,gass84"
"142","PRESERVED_SPECIMEN","Geomys pinetis",-81.725624,30.655636,"cdround,gass84"
"143","PRESERVED_SPECIMEN","Geomys pinetis",-82.680557,30.55282,"cdround,gass84"
"144","PRESERVED_SPECIMEN","Geomys pinetis",-81.578201,29.603048,"cdround,gass84"
"145","PRESERVED_SPECIMEN","Geomys pinetis",-82.910545,29.953732,"cdround,gass84"
"146","PRESERVED_SPECIMEN","Geomys pinetis",-81.672119,30.333138,"cdround,gass84"
"147","PRESERVED_SPECIMEN","Geomys pinetis",-82.759048,30.329624,"cdround,gass84"
"148","PRESERVED_SPECIMEN","Geomys pinetis",-85.049728,31.092182,"cdround,gass84,txmathi"
"149","PRESERVED_SPECIMEN","Geomys pinetis",-85.050224,30.824091,"cdround,gass84,txmathi"
"150","PRESERVED_SPECIMEN","Geomys pinetis",-84.992722,30.924187,"cdround,gass84,txmathi"
"151","PRESERVED_SPECIMEN","Geomys pinetis",-85.476547,32.285545,"cdround,gass84,txmathi"
"152","PRESERVED_SPECIMEN","Geomys pinetis",-83.354362,29.650227,"cdround,gass84"
"153","PRESERVED_SPECIMEN","Geomys pinetis",-82.170311,28.508175,"cdround,gass84"
"154","PRESERVED_SPECIMEN","Geomys pinetis",-83.508163,29.771622,"cdround,gass84"
"155","PRESERVED_SPECIMEN","Geomys pinetis",-85.539047,32.078651,"cdround,gass84,txmathi"
"156","PRESERVED_SPECIMEN","Geomys pinetis",-82.6996279208014,30.3295190978029,"cdrep"
"157","PRESERVED_SPECIMEN","Geomys pinetis",-82.6241258819451,30.2508217329346,"cdrep"
"158","PRESERVED_SPECIMEN","Geomys pinetis",-83.267623,30.642275,"gass84"
"159","PRESERVED_SPECIMEN","Geomys pinetis",-82.1277133031895,30.3472190790637,"cdrep"
"160","PRESERVED_SPECIMEN","Geomys pinetis",-87.0458403920542,30.7152007658007,"cdrep"
"161","PRESERVED_SPECIMEN","Geomys pinetis",-81.6897025782742,30.7752057169976,"cdrep"
"162","PRESERVED_SPECIMEN","Geomys pinetis",-81.6167003508857,30.4532160956319,"cdrep"
"163","PRESERVED_SPECIMEN","Geomys pinetis",-81.6897025827024,30.7792055898828,"cdrep"
"164","PRESERVED_SPECIMEN","Geomys pinetis",-86.1178160970473,30.5452077100908,"cdrep"
"165","PRESERVED_SPECIMEN","Geomys pinetis",-86.1088158884857,30.5562073728536,"cdrep"
"166","PRESERVED_SPECIMEN","Geomys pinetis",-82.241717382455,31.2911890682716,"cdrep"
"167","PRESERVED_SPECIMEN","Geomys pinetis",-81.6167004735401,30.5642125196493,"cdrep"
"168","PRESERVED_SPECIMEN","Geomys pinetis",-82.3077174867817,30.0152297670763,"cdrep"
"169","PRESERVED_SPECIMEN","Geomys pinetis",-86.8668356513918,30.6612027852492,"cdrep"
"170","PRESERVED_SPECIMEN","Geomys pinetis",-87.0418403978335,30.7621992864772,"cdrep"
"171","PRESERVED_SPECIMEN","Geomys pinetis",-87.0418404140658,30.7691990654266,"cdrep"
"172","PRESERVED_SPECIMEN","Geomys pinetis",-87.0428401222942,30.6322034043463,"cdrep"
"173","PRESERVED_SPECIMEN","Geomys pinetis",-81.232376,28.986763,"cdround"
"174","PRESERVED_SPECIMEN","Geomys pinetis",-84.516617,32.350147,"cdround"
"175","PRESERVED_SPECIMEN","Geomys pinetis",-84.250214,32.566845,"cdround"
"176","PRESERVED_SPECIMEN","Geomys pinetis",-81.9707065356433,28.1402946675359,"cdrep"
"177","PRESERVED_SPECIMEN","Geomys pinetis",-81.9667064364548,28.1412946357436,"cdrep"
"178","PRESERVED_SPECIMEN","Geomys pinetis",-84.2380710877511,32.5570492623644,"cdrep"
"179","PRESERVED_SPECIMEN","Geomys pinetis",-82.9818,29.6014,""
"180","PRESERVED_SPECIMEN","Geomys pinetis",-82.9884,29.5615,""
"181","PRESERVED_SPECIMEN","Geomys pinetis",-81.61806,28.171717,"cdround"
"182","PRESERVED_SPECIMEN","Geomys pinetis",-81.683929,28.16111,"cdround"
"183","PRESERVED_SPECIMEN","Geomys pinetis",-85.421575,30.36417,""
"184","PRESERVED_SPECIMEN","Geomys pinetis",-82.565797,28.78111,""
"185","PRESERVED_SPECIMEN","Geomys pinetis",-82.41552,28.063496,"cdround"
"186","PRESERVED_SPECIMEN","Geomys pinetis",-81.52671,30.152641,"cdround"
"187","PRESERVED_SPECIMEN","Geomys pinetis",-82.479729,29.562647,"cdround"
"188","PRESERVED_SPECIMEN","Geomys pinetis",-82.312622,29.649345,"cdround"
"189","PRESERVED_SPECIMEN","Geomys pinetis",-82.435829,29.591045,"cdround"
"190","PRESERVED_SPECIMEN","Geomys pinetis",-82.440231,29.588745,"cdround"
"191","PRESERVED_SPECIMEN","Geomys pinetis",-81.682228,30.785635,"cdround"
"192","PRESERVED_SPECIMEN","Geomys pinetis",-82.49543,29.551046,"cdround"
"193","PRESERVED_SPECIMEN","Geomys pinetis",-82.391525,29.614546,"cdround"
"194","PRESERVED_SPECIMEN","Geomys pinetis",-82.317627,29.645947,"cdround"
"195","PRESERVED_SPECIMEN","Geomys pinetis",-82.398521,29.610447,"cdround"
"196","PRESERVED_SPECIMEN","Geomys pinetis",-81.645027,30.730536,"cdround"
"197","PRESERVED_SPECIMEN","Geomys pinetis",-86.792252,30.69849,"cdround,txmathi"
"198","PRESERVED_SPECIMEN","Geomys pinetis",-81.689827,30.799934,"cdround"
"199","PRESERVED_SPECIMEN","Geomys pinetis",-86.800758,30.695391,"cdround,txmathi"
"200","PRESERVED_SPECIMEN","Geomys pinetis",-86.29335,30.747688,"cdround,txmathi"
"201","PRESERVED_SPECIMEN","Geomys pinetis",-86.384644,30.742788,"cdround,txmathi"
"202","PRESERVED_SPECIMEN","Geomys pinetis",-86.373344,30.74099,"cdround,txmathi"
"203","PRESERVED_SPECIMEN","Geomys pinetis",-86.349045,30.736389,"cdround,txmathi"
"204","PRESERVED_SPECIMEN","Geomys pinetis",-86.274147,30.749788,"cdround,txmathi"
"205","PRESERVED_SPECIMEN","Geomys pinetis",-85.186127,30.453894,"cdround,txmathi"
"206","PRESERVED_SPECIMEN","Geomys pinetis",-82.45861,27.94722,""
"207","PRESERVED_SPECIMEN","Geomys pinetis",-81.45861,27.94722,""
"208","PRESERVED_SPECIMEN","Geomys pinetis",-82.485917,29.655257,""
"209","PRESERVED_SPECIMEN","Geomys pinetis",-81.249704,28.669714,""
"210","PRESERVED_SPECIMEN","Geomys pinetis",-82.274882,29.651381,""
"211","PRESERVED_SPECIMEN","Geomys pinetis",-82.4925202286546,28.5553793629678,"cdrep"
"212","PRESERVED_SPECIMEN","Geomys pinetis",-82.01,30.83028,""
"213","PRESERVED_SPECIMEN","Geomys pinetis",-86.047697,30.369983,""
"214","PRESERVED_SPECIMEN","Geomys pinetis",-86.094809,30.369998,""
"215","PRESERVED_SPECIMEN","Geomys pinetis",-86.072936,30.369993,""
"216","PRESERVED_SPECIMEN","Geomys pinetis",-84.82933,30.62136,"cdround"
"217","PRESERVED_SPECIMEN","Geomys pinetis",-82.4563185125234,27.9774000132895,"cdrep"
"218","PRESERVED_SPECIMEN","Geomys pinetis",-81.6017,28.1614,""
"219","PRESERVED_SPECIMEN","Geomys pinetis",-84.3047689090026,30.2332203713477,"cdrep"
"220","PRESERVED_SPECIMEN","Geomys pinetis",-84.34955,30.660158,""
"221","PRESERVED_SPECIMEN","Geomys pinetis",-84.811029,30.376079,"cdround"
"222","PRESERVED_SPECIMEN","Geomys pinetis",-81.69,30.77214,""
"223","PRESERVED_SPECIMEN","Geomys pinetis",-81.689828,30.789559,""
"224","PRESERVED_SPECIMEN","Geomys pinetis",-81.69,30.773591,""
"225","PRESERVED_SPECIMEN","Geomys pinetis",-81.69,30.769236,""
"226","PRESERVED_SPECIMEN","Geomys pinetis",-81.630852,30.799707,""
"227","PRESERVED_SPECIMEN","Geomys pinetis",-81.571242,30.631665,""
"228","PRESERVED_SPECIMEN","Geomys pinetis",-81.576303,30.631666,""
"229","PRESERVED_SPECIMEN","Geomys pinetis",-81.572929,30.631666,""
"230","PRESERVED_SPECIMEN","Geomys pinetis",-81.5898,30.631669,""
"231","PRESERVED_SPECIMEN","Geomys pinetis",-81.564494,30.631663,""
"232","PRESERVED_SPECIMEN","Geomys pinetis",-81.586425,30.631668,""
"233","PRESERVED_SPECIMEN","Geomys pinetis",-81.60667,30.596831,""
"234","PRESERVED_SPECIMEN","Geomys pinetis",-81.60667,30.595379,""
"235","PRESERVED_SPECIMEN","Geomys pinetis",-81.62139,30.53417,""
"236","PRESERVED_SPECIMEN","Geomys pinetis",-81.6325,30.46667,""
"237","PRESERVED_SPECIMEN","Geomys pinetis",-81.65583,30.33194,""
"238","PRESERVED_SPECIMEN","Geomys pinetis",-82.1129,28.0186,""
"239","PRESERVED_SPECIMEN","Geomys pinetis",-82.941726,29.235351,""
"240","PRESERVED_SPECIMEN","Geomys pinetis",-87.03972,30.733834,""
"241","PRESERVED_SPECIMEN","Geomys pinetis",-82.324997,29.65139,"cdround"
"242","PRESERVED_SPECIMEN","Geomys pinetis",-82.3247174502145,29.651641840933,"cdrep"
"243","PRESERVED_SPECIMEN","Geomys pinetis",-82.324826,29.651634,""
"244","PRESERVED_SPECIMEN","Geomys pinetis",-81.93881,29.1925,""
"245","PRESERVED_SPECIMEN","Geomys pinetis",-80.6302288948754,28.1291852981151,"cdrep"
"246","PRESERVED_SPECIMEN","Geomys pinetis",-81.18438,32.15514,""
"247","PRESERVED_SPECIMEN","Geomys pinetis",-81.3457,32.5508,""
"248","PRESERVED_SPECIMEN","Geomys pinetis",-81.60068,30.8,""
"249","PRESERVED_SPECIMEN","Geomys pinetis",-81.6065,30.60287,""
"250","PRESERVED_SPECIMEN","Geomys pinetis",-81.6074,30.8,""
"251","PRESERVED_SPECIMEN","Geomys pinetis",-81.62085,30.8,""
"252","PRESERVED_SPECIMEN","Geomys pinetis",-81.6898,30.77823,""
"253","PRESERVED_SPECIMEN","Geomys pinetis",-81.83916,33.04395,""
"254","PRESERVED_SPECIMEN","Geomys pinetis",-81.8777101191133,33.2770312436597,"cdrep"
"255","PRESERVED_SPECIMEN","Geomys pinetis",-84.36836,30.36234,""
"256","PRESERVED_SPECIMEN","Geomys pinetis",-84.3731,30.35823,""
"257","PRESERVED_SPECIMEN","Geomys pinetis",-81.7328,28.75909,""
"258","PRESERVED_SPECIMEN","Geomys pinetis",-83.44642,30.4694,""
"259","PRESERVED_SPECIMEN","Geomys pinetis",-86.2932209917453,30.7210018375803,"cdrep,txmathi"
"260","PRESERVED_SPECIMEN","Geomys pinetis",-81.9503,27.29806,""
"261","PRESERVED_SPECIMEN","Geomys pinetis",-81.90435,27.25698,""
"262","PRESERVED_SPECIMEN","Geomys pinetis",-81.7136018689804,29.6181435431945,"cdrep"
"263","PRESERVED_SPECIMEN","Geomys pinetis",-81.6466014230493,30.7305071747972,"cdrep"
"264","PRESERVED_SPECIMEN","Geomys pinetis",-81.7907,30.8,""
"265","PRESERVED_SPECIMEN","Geomys pinetis",-82.7716704955118,28.0197421311312,"cdrep"
"266","PRESERVED_SPECIMEN","Geomys pinetis",-82.7621264203158,28.1327940800765,"cdrep"
"267","PRESERVED_SPECIMEN","Geomys pinetis",-81.3727934827213,29.8659355501371,"cdrep"
"268","PRESERVED_SPECIMEN","Geomys pinetis",-80.638423100137,28.1291862913875,"cdrep"
"269","PRESERVED_SPECIMEN","Geomys pinetis",-81.6713676334531,29.479137270582,"cdrep"
"270","PRESERVED_SPECIMEN","Geomys pinetis",-82.07415,29.2166,""
"271","PRESERVED_SPECIMEN","Geomys pinetis",-82.8061162380423,27.935857117593,"cdrep"
"272","PRESERVED_SPECIMEN","Geomys pinetis",-85.597092690298,30.5450085170508,"cdrep,txmathi"
"273","PRESERVED_SPECIMEN","Geomys pinetis",-87.8975319317157,30.5426547144892,"cdrep,txmathi"
"274","PRESERVED_SPECIMEN","Geomys pinetis",-81.6219001255849,30.1326265305295,"cdrep,txmatfuz"
"275","PRESERVED_SPECIMEN","Geomys pinetis",-81.5900070138666,28.1716639197879,"cdrep"
"276","PRESERVED_SPECIMEN","Geomys pinetis",-81.5842168747537,28.1767937414477,"cdrep"
"277","PRESERVED_SPECIMEN","Geomys pinetis",-81.5557963360396,28.3209886152769,"cdrep"
"278","PRESERVED_SPECIMEN","Geomys pinetis",-81.6542011662693,30.3244202382627,"cdrep,txmatfuz"
"279","PRESERVED_SPECIMEN","Geomys pinetis",-82.3247174502002,29.6516308413019,"cdrep"
"280","PRESERVED_SPECIMEN","Geomys pinetis",-81.791403304009,29.166958801441,"cdrep"
"281","PRESERVED_SPECIMEN","Geomys pinetis",-83.291252,30.194108,""
"282","PRESERVED_SPECIMEN","Geomys pinetis",-83.174858,30.053001,""
"283","PRESERVED_SPECIMEN","Geomys pinetis",-83.176667,30.383056,""
"284","PRESERVED_SPECIMEN","Geomys pinetis",-83.1801,30.384981,""
"285","PRESERVED_SPECIMEN","Geomys pinetis",-83.174858,30.089295,""
"286","PRESERVED_SPECIMEN","Geomys pinetis",-84.280733,30.438256,""
"287","PRESERVED_SPECIMEN","Geomys pinetis",-81.655914,29.55497,""
"288","PRESERVED_SPECIMEN","Geomys pinetis",-82.218067,29.656188,""
"289","PRESERVED_SPECIMEN","Geomys pinetis",-81.570938,30.744375,""
"290","PRESERVED_SPECIMEN","Geomys pinetis",-83.037707,30.924585,""
"291","PRESERVED_SPECIMEN","Geomys pinetis",-84.206282,30.161038,""
"292","PRESERVED_SPECIMEN","Geomys pinetis",-87.3999485623445,30.3122130285939,"cdrep"
"293","PRESERVED_SPECIMEN","Geomys pinetis",-87.91092,30.490949,""
"294","PRESERVED_SPECIMEN","Geomys pinetis",-87.274972,30.384088,""
"295","PRESERVED_SPECIMEN","Geomys pinetis",-87.382066,30.476429,""
"296","PRESERVED_SPECIMEN","Geomys pinetis",-82.3744177158573,28.8999674401473,"cdrep"
"297","PRESERVED_SPECIMEN","Geomys pinetis",-82.37454,28.899982,""
"298","PRESERVED_SPECIMEN","Geomys pinetis",-81.523413,27.97843,""
"299","PRESERVED_SPECIMEN","Geomys pinetis",-81.2361,28.9661,"gass84"
"300","PRESERVED_SPECIMEN","Geomys pinetis",-81.316667,29.9,""
"301","PRESERVED_SPECIMEN","Geomys pinetis",-84.112359,30.438148,""
"302","PRESERVED_SPECIMEN","Geomys pinetis",-84.912695,30.543528,""
"303","PRESERVED_SPECIMEN","Geomys pinetis",-84.280278,30.688827,""
"304","PRESERVED_SPECIMEN","Geomys pinetis",-87.396486,30.300552,""
"305","PRESERVED_SPECIMEN","Geomys pinetis",-87.903326,30.522972,""
"306","PRESERVED_SPECIMEN","Geomys pinetis",-81.4668969038378,30.815504616686,"cdrep,typstativ"
"307","PRESERVED_SPECIMEN","Geomys pinetis",-82.465,28.681389,""
"308","PRESERVED_SPECIMEN","Geomys pinetis",-87.1598427902197,30.4835079456095,"cdrep,txmathi,typstativ"
"309","PRESERVED_SPECIMEN","Geomys pinetis",-87.4209493636525,30.4213094765276,"cdrep,txmathi,typstativ"
"310","PRESERVED_SPECIMEN","Geomys pinetis",-82.012202,30.542492,""
"311","PRESERVED_SPECIMEN","Geomys pinetis",-81.6243,30.7406,""
"312","PRESERVED_SPECIMEN","Geomys pinetis",-81.6897026056049,30.7999049324782,"cdrep"
"313","PRESERVED_SPECIMEN","Geomys pinetis",-81.602502,30.72105,""
"314","PRESERVED_SPECIMEN","Geomys pinetis",-81.685455,30.842168,""
"315","PRESERVED_SPECIMEN","Geomys pinetis",-81.65432,30.32444,"cdround,gass84"
"316","PRESERVED_SPECIMEN","Geomys pinetis",-81.6132005662725,30.7305072021151,"cdrep,typstativ"
"317","PRESERVED_SPECIMEN","Geomys pinetis",-82.009838,30.83051,""
"318","PRESERVED_SPECIMEN","Geomys pinetis",-81.6664021722937,30.950200198946,"cdrep,typstativ"
"319","PRESERVED_SPECIMEN","Geomys pinetis",-81.44226,30.847678,""
"320","PRESERVED_SPECIMEN","Geomys pinetis",-81.546516,30.730537,"cdround,gass84"
"321","PRESERVED_SPECIMEN","Geomys pinetis",-82.352524,29.634047,"cdround,gass84"
"322","PRESERVED_SPECIMEN","Geomys pinetis",-82.324821,29.651646,"cdround,gass84"
"323","PRESERVED_SPECIMEN","Geomys pinetis",-82.568726,28.978554,"cdround,gass84"
"324","PRESERVED_SPECIMEN","Geomys pinetis",-82.749924,28.145191,"cdround,gass84"
"325","PRESERVED_SPECIMEN","Geomys pinetis",-81.800125,30.303438,"cdround,gass84"
"326","PRESERVED_SPECIMEN","Geomys pinetis",-81.821533,32.663467,"cdround,gass84"
"327","PRESERVED_SPECIMEN","Geomys pinetis",-81.552917,30.399538,"cdround,gass84"
"328","PRESERVED_SPECIMEN","Geomys pinetis",-80.630331,28.129181,""
"329","PRESERVED_SPECIMEN","Geomys pinetis",-80.650581,28.130392,"cdround"
"330","PRESERVED_SPECIMEN","Geomys pinetis",-81.552592,30.398573,""
"331","PRESERVED_SPECIMEN","Geomys pinetis",-81.433536,30.862816,""
"332","PRESERVED_SPECIMEN","Geomys pinetis",-82.806214,27.935854,""
"333","PRESERVED_SPECIMEN","Geomys pinetis",-81.467039,30.815514,""
"334","PRESERVED_SPECIMEN","Geomys pinetis",-81.6458,30.3108,"gass84"
"335","PRESERVED_SPECIMEN","Geomys pinetis",-82.334017670435,29.6390422543863,"cdrep,rdatunl"
"336","PRESERVED_SPECIMEN","Geomys pinetis",-81.484051,29.093077,"cdround"
"337","PRESERVED_SPECIMEN","Geomys pinetis",-87.17,30.43,"txmathi"
"338","PRESERVED_SPECIMEN","Geomys pinetis",-82.194206,28.36528,"cdround,gass84"
"339","PRESERVED_SPECIMEN","Geomys pinetis",-82.86705,29.810432,"cdround,gass84"
"340","PRESERVED_SPECIMEN","Geomys pinetis",-81.553703,27.913902,"cdround,gass84"
"341","PRESERVED_SPECIMEN","Geomys pinetis",-82.945641,29.231043,"cdround,gass84"
"342","PRESERVED_SPECIMEN","Geomys pinetis",-85.390755,30.628527,"cdround,gass84,txmathi"
"343","PRESERVED_SPECIMEN","Geomys pinetis",-82.977646,29.78113,"cdround,gass84"
"344","PRESERVED_SPECIMEN","Geomys pinetis",-82.187111,28.324081,"cdround,gass84"
"345","PRESERVED_SPECIMEN","Geomys pinetis",-82.658424,28.144692,"cdround,gass84"
"346","PRESERVED_SPECIMEN","Geomys pinetis",-81.8433,27.904404,"cdround,gass84"
"347","PRESERVED_SPECIMEN","Geomys pinetis",-81.5062,27.5959,""
