"","basisOfRecord","species","decimalLongitude","decimalLatitude","issues"
"1","HUMAN_OBSERVATION","Puma concolor",-81.258125,25.975515,"cdround,gass84"
"2","HUMAN_OBSERVATION","Puma concolor",-81.058707,26.034472,"cdround,gass84"
"3","HUMAN_OBSERVATION","Puma concolor",-80.689018,25.576582,"cdround,gass84"
"4","HUMAN_OBSERVATION","Puma concolor",-80.759317,25.503471,"cdround,gass84"
"5","HUMAN_OBSERVATION","Puma concolor",-80.798051,25.583624,"cdround,gass84"
"6","HUMAN_OBSERVATION","Puma concolor",-80.609949,25.434655,"cdround,gass84"
"7","HUMAN_OBSERVATION","Puma concolor",-81.34333,26.197022,"cdround,gass84"
"8","HUMAN_OBSERVATION","Puma concolor",-80.625942,27.330431,"cdround,gass84"
"9","HUMAN_OBSERVATION","Puma concolor",-81.431524,25.907162,"cdround,gass84"
"10","HUMAN_OBSERVATION","Puma concolor",-81.011185,26.145726,"cdround,gass84"
"11","HUMAN_OBSERVATION","Puma concolor",-81.033208,26.358258,"cdround,gass84"
"12","HUMAN_OBSERVATION","Puma concolor",-81.287934,26.203164,"cdround,gass84"
"13","HUMAN_OBSERVATION","Puma concolor",-81.483987,26.076829,"cdround,gass84"
"14","HUMAN_OBSERVATION","Puma concolor",-81.407329,26.073389,"cdround,gass84"
"15","HUMAN_OBSERVATION","Puma concolor",-81.522848,26.108259,"cdround,gass84"
"16","HUMAN_OBSERVATION","Puma concolor",-81.427767,26.065235,"cdround,gass84"
"17","PRESERVED_SPECIMEN","Puma concolor",-91.62,30.07,""
"18","PRESERVED_SPECIMEN","Puma concolor",-91.4259555768945,31.3911705877397,"cdrep"
"19","PRESERVED_SPECIMEN","Puma concolor",-80.641653,25.398339,""
"20","PRESERVED_SPECIMEN","Puma concolor",-91.6969689872933,33.2281166751632,"cdrep"
"21","PRESERVED_SPECIMEN","Puma concolor",-81.483604,26.135468,"cdround,gass84"
"22","PRESERVED_SPECIMEN","Puma concolor",-81.334901,25.781969,""
"23","PRESERVED_SPECIMEN","Puma concolor",-80.470608,27.816415,""
"24","PRESERVED_SPECIMEN","Puma concolor",-91.529958034995,31.3211724708391,"cdrep"
"25","PRESERVED_SPECIMEN","Puma concolor",-80.795479,27.208624,"cdround,gass84"
"26","PRESERVED_SPECIMEN","Puma concolor",-81.5888966636875,27.9097033642767,"cdrep"
