"","basisOfRecord","species","decimalLongitude","decimalLatitude","issues"
"1","HUMAN_OBSERVATION","Sylvilagus aquaticus",-87.642844,30.26305,"cdround,gass84"
"2","HUMAN_OBSERVATION","Sylvilagus aquaticus",-91.107945,30.370381,"cdround,gass84"
"3","HUMAN_OBSERVATION","Sylvilagus aquaticus",-88.541435,30.415524,"cdround,gass84"
"4","HUMAN_OBSERVATION","Sylvilagus aquaticus",-88.542282,30.415865,"cdround,gass84"
"5","HUMAN_OBSERVATION","Sylvilagus aquaticus",-90.020622,30.885103,"cdround,gass84"
"6","HUMAN_OBSERVATION","Sylvilagus aquaticus",-88.629303,30.378519,"cdround,gass84"
"7","HUMAN_OBSERVATION","Sylvilagus aquaticus",-89.27543,31.340841,"cdround,gass84"
"8","HUMAN_OBSERVATION","Sylvilagus aquaticus",-88.819665,30.406098,"gass84"
"9","HUMAN_OBSERVATION","Sylvilagus aquaticus",-86.57,33.85,"gass84"
"10","HUMAN_OBSERVATION","Sylvilagus aquaticus",-90.935564,30.544213,"cdround,gass84"
"11","HUMAN_OBSERVATION","Sylvilagus aquaticus",-84.312382,33.799812,"cdround,gass84"
"12","HUMAN_OBSERVATION","Sylvilagus aquaticus",-91.123993,30.532715,"gass84"
"13","HUMAN_OBSERVATION","Sylvilagus aquaticus",-88.542044,30.415506,"cdround,gass84"
"14","HUMAN_OBSERVATION","Sylvilagus aquaticus",-84.196145,34.179133,"cdround,gass84"
"15","HUMAN_OBSERVATION","Sylvilagus aquaticus",-90.099144,30.394436,"cdround,gass84"
"16","HUMAN_OBSERVATION","Sylvilagus aquaticus",-90.117502,29.784343,"cdround,gass84"
"17","HUMAN_OBSERVATION","Sylvilagus aquaticus",-90.936111,30.543316,"cdround,gass84"
"18","HUMAN_OBSERVATION","Sylvilagus aquaticus",-89.365004,30.287846,"cdround,gass84"
"19","HUMAN_OBSERVATION","Sylvilagus aquaticus",-88.704253,30.375967,"cdround,gass84"
"20","HUMAN_OBSERVATION","Sylvilagus aquaticus",-91.417455,31.362215,"cdround,gass84"
"21","HUMAN_OBSERVATION","Sylvilagus aquaticus",-91.107817,30.36956,"cdround,gass84"
"22","HUMAN_OBSERVATION","Sylvilagus aquaticus",-88.597753,30.380187,"cdround,gass84"
"23","HUMAN_OBSERVATION","Sylvilagus aquaticus",-85.657272,32.45097,"cdround,gass84"
"24","HUMAN_OBSERVATION","Sylvilagus aquaticus",-89.997397,29.234983,"cdround,gass84"
"25","HUMAN_OBSERVATION","Sylvilagus aquaticus",-87.971978,30.67603,"cdround,gass84"
"26","HUMAN_OBSERVATION","Sylvilagus aquaticus",-90.016653,30.297318,"cdround,gass84"
"27","HUMAN_OBSERVATION","Sylvilagus aquaticus",-91.908843,30.217718,"cdround,gass84"
"28","HUMAN_OBSERVATION","Sylvilagus aquaticus",-90.086118,30.394029,"cdround,gass84"
"29","HUMAN_OBSERVATION","Sylvilagus aquaticus",-88.539925,30.417747,"cdround,gass84"
"30","HUMAN_OBSERVATION","Sylvilagus aquaticus",-89.107708,31.446041,"cdround,gass84"
"31","HUMAN_OBSERVATION","Sylvilagus aquaticus",-88.707603,30.37445,"cdround,gass84"
"32","HUMAN_OBSERVATION","Sylvilagus aquaticus",-88.791067,30.391851,"cdround,gass84"
"33","HUMAN_OBSERVATION","Sylvilagus aquaticus",-88.762846,30.362595,"cdround,gass84"
"34","HUMAN_OBSERVATION","Sylvilagus aquaticus",-88.791819,30.390314,"cdround,gass84"
"35","HUMAN_OBSERVATION","Sylvilagus aquaticus",-88.655966,30.450903,"cdround,gass84"
"36","HUMAN_OBSERVATION","Sylvilagus aquaticus",-89.268331,31.323087,"cdround,gass84"
"37","HUMAN_OBSERVATION","Sylvilagus aquaticus",-90.934855,30.141047,"cdround,gass84"
"38","HUMAN_OBSERVATION","Sylvilagus aquaticus",-88.7146,30.417767,"cdround,gass84"
"39","HUMAN_OBSERVATION","Sylvilagus aquaticus",-90.09896,30.394621,"gass84"
"40","HUMAN_OBSERVATION","Sylvilagus aquaticus",-89.952863,29.260784,"cdround,gass84"
"41","HUMAN_OBSERVATION","Sylvilagus aquaticus",-89.879858,30.054556,"cdround,gass84"
"42","HUMAN_OBSERVATION","Sylvilagus aquaticus",-90.099054,30.394348,"cdround,gass84"
"43","HUMAN_OBSERVATION","Sylvilagus aquaticus",-90.013437,30.328825,"cdround,gass84"
"44","HUMAN_OBSERVATION","Sylvilagus aquaticus",-91.096228,30.310792,"cdround,gass84"
"45","HUMAN_OBSERVATION","Sylvilagus aquaticus",-89.320475,36.463802,"cdround,gass84"
"46","HUMAN_OBSERVATION","Sylvilagus aquaticus",-88.637025,30.401133,"cdround,gass84"
"47","HUMAN_OBSERVATION","Sylvilagus aquaticus",-90.099236,30.394377,"cdround,gass84"
"48","HUMAN_OBSERVATION","Sylvilagus aquaticus",-90.000674,30.38751,"cdround,gass84"
"49","HUMAN_OBSERVATION","Sylvilagus aquaticus",-90.155525,29.813123,"gass84"
"50","HUMAN_OBSERVATION","Sylvilagus aquaticus",-84.611573,33.383714,"gass84"
"51","HUMAN_OBSERVATION","Sylvilagus aquaticus",-89.405708,30.262426,"gass84"
"52","HUMAN_OBSERVATION","Sylvilagus aquaticus",-89.703586,30.347859,"cdround,gass84"
"53","HUMAN_OBSERVATION","Sylvilagus aquaticus",-91.074214,30.34925,"cdround,gass84"
"54","HUMAN_OBSERVATION","Sylvilagus aquaticus",-88.7919,30.3905,"gass84"
"55","HUMAN_OBSERVATION","Sylvilagus aquaticus",-89.906959,30.057208,"gass84"
"56","HUMAN_OBSERVATION","Sylvilagus aquaticus",-84.847994,34.845424,"cdround,gass84"
"57","HUMAN_OBSERVATION","Sylvilagus aquaticus",-88.716724,30.364168,"cdround,gass84"
"58","HUMAN_OBSERVATION","Sylvilagus aquaticus",-88.791962,30.395006,"cdround,gass84"
"59","HUMAN_OBSERVATION","Sylvilagus aquaticus",-87.935814,30.669975,"gass84"
"60","HUMAN_OBSERVATION","Sylvilagus aquaticus",-88.712414,30.375551,"cdround,gass84"
"61","HUMAN_OBSERVATION","Sylvilagus aquaticus",-90.953025,30.345607,"gass84"
"62","HUMAN_OBSERVATION","Sylvilagus aquaticus",-90.439884,30.006271,"cdround,gass84"
"63","HUMAN_OBSERVATION","Sylvilagus aquaticus",-88.819731,30.406249,"gass84"
"64","HUMAN_OBSERVATION","Sylvilagus aquaticus",-89.860826,30.061855,"gass84"
"65","HUMAN_OBSERVATION","Sylvilagus aquaticus",-89.862234,30.075495,"gass84"
"66","PRESERVED_SPECIMEN","Sylvilagus aquaticus",-91.0959435432658,30.3122052586899,"cdrep"
"67","PRESERVED_SPECIMEN","Sylvilagus aquaticus",-91.0419425360809,30.4312015608388,"cdrep"
"68","PRESERVED_SPECIMEN","Sylvilagus aquaticus",-91.0559422968719,30.2432075843255,"cdrep"
"69","PRESERVED_SPECIMEN","Sylvilagus aquaticus",-91.0667,29.6356,""
"70","PRESERVED_SPECIMEN","Sylvilagus aquaticus",-88.24917,35.22472,""
"71","PRESERVED_SPECIMEN","Sylvilagus aquaticus",-89.20833,35.50028,"rdatm"
"72","PRESERVED_SPECIMEN","Sylvilagus aquaticus",-88.0431,30.6942,"gass84"
"73","PRESERVED_SPECIMEN","Sylvilagus aquaticus",-90.9719405595655,30.3752035264034,"cdrep"
"74","PRESERVED_SPECIMEN","Sylvilagus aquaticus",-91.1759458795648,30.4002022333281,"cdrep"
"75","PRESERVED_SPECIMEN","Sylvilagus aquaticus",-89.6819070797262,30.2622101101842,"cdrep"
"76","PRESERVED_SPECIMEN","Sylvilagus aquaticus",-91.3449584476676,32.8611277300349,"cdrep"
"77","PRESERVED_SPECIMEN","Sylvilagus aquaticus",-91.198608,33.65181,"cdround"
"78","PRESERVED_SPECIMEN","Sylvilagus aquaticus",-89.1598905166368,29.1152493644022,"cdrep"
"79","PRESERVED_SPECIMEN","Sylvilagus aquaticus",-88.6501895283787,33.549574760593,"cdrep"
"80","PRESERVED_SPECIMEN","Sylvilagus aquaticus",-89.795431,35.547278,""
"81","PRESERVED_SPECIMEN","Sylvilagus aquaticus",-90.2489209307055,30.0252165605889,"cdrep"
"82","PRESERVED_SPECIMEN","Sylvilagus aquaticus",-91.5189547512346,30.4192007848451,"cdrep"
"83","PRESERVED_SPECIMEN","Sylvilagus aquaticus",-90.7559332093333,29.7952229565376,"cdrep"
"84","PRESERVED_SPECIMEN","Sylvilagus aquaticus",-90.4749282012459,30.5092003960567,"cdrep"
"85","PRESERVED_SPECIMEN","Sylvilagus aquaticus",-91.2379476175232,30.4452006394983,"cdrep"
"86","PRESERVED_SPECIMEN","Sylvilagus aquaticus",-90.5089296556774,30.6971943406768,"cdrep"
"87","PRESERVED_SPECIMEN","Sylvilagus aquaticus",-91.1419454174634,30.528198217472,"cdrep"
"88","PRESERVED_SPECIMEN","Sylvilagus aquaticus",-90.4799269749141,30.0662146925167,"cdrep"
"89","PRESERVED_SPECIMEN","Sylvilagus aquaticus",-91.4519555921,31.1941765662898,"cdrep"
"90","PRESERVED_SPECIMEN","Sylvilagus aquaticus",-91.9579649429722,30.0992100341999,"cdrep"
"91","PRESERVED_SPECIMEN","Sylvilagus aquaticus",-91.5549555636246,30.3852017876441,"cdrep"
"92","PRESERVED_SPECIMEN","Sylvilagus aquaticus",-91.7649621626081,30.7451897960229,"cdrep"
"93","PRESERVED_SPECIMEN","Sylvilagus aquaticus",-89.5659019143757,29.4932357023128,"cdrep"
"94","PRESERVED_SPECIMEN","Sylvilagus aquaticus",-91.1669456515931,30.4012022229557,"cdrep"
"95","PRESERVED_SPECIMEN","Sylvilagus aquaticus",-91.9059629396891,29.8982167507072,"cdrep"
"96","PRESERVED_SPECIMEN","Sylvilagus aquaticus",-91.906113,29.898331,"cdround"
"97","PRESERVED_SPECIMEN","Sylvilagus aquaticus",-90.4409257809929,30.0022168751578,"cdrep"
"98","PRESERVED_SPECIMEN","Sylvilagus aquaticus",-91.1689457351189,30.4112018970443,"cdrep"
"99","PRESERVED_SPECIMEN","Sylvilagus aquaticus",-91.3909494050919,29.7842217965531,"cdrep"
"100","PRESERVED_SPECIMEN","Sylvilagus aquaticus",-91.2779475214867,30.0972117909148,"cdrep"
"101","PRESERVED_SPECIMEN","Sylvilagus aquaticus",-91.6739610203002,31.1021788589298,"cdrep"
"102","PRESERVED_SPECIMEN","Sylvilagus aquaticus",-91.1869458502427,30.3032053296693,"cdrep"
"103","PRESERVED_SPECIMEN","Sylvilagus aquaticus",-90.1009186945024,30.5482000009323,"cdrep"
"104","PRESERVED_SPECIMEN","Sylvilagus aquaticus",-90.00091590354,30.4752025559422,"cdrep"
"105","PRESERVED_SPECIMEN","Sylvilagus aquaticus",-91.0359424743727,30.4602006459084,"cdrep"
"106","PRESERVED_SPECIMEN","Sylvilagus aquaticus",-91.7029585164968,30.1302096674207,"cdrep"
"107","PRESERVED_SPECIMEN","Sylvilagus aquaticus",-91.9759654206007,30.1042098254359,"cdrep"
"108","PRESERVED_SPECIMEN","Sylvilagus aquaticus",-91.1649433573599,29.6982251982664,"cdrep"
"109","PRESERVED_SPECIMEN","Sylvilagus aquaticus",-91.4279495713149,29.5422297608497,"cdrep"
"110","PRESERVED_SPECIMEN","Sylvilagus aquaticus",-91.1459427393191,29.6562266411615,"cdrep"
"111","PRESERVED_SPECIMEN","Sylvilagus aquaticus",-91.0879438941875,30.4861996891829,"cdrep"
"112","PRESERVED_SPECIMEN","Sylvilagus aquaticus",-91.175945972862,30.4292013025891,"cdrep"
"113","PRESERVED_SPECIMEN","Sylvilagus aquaticus",-91.0139417115389,30.3982026869485,"cdrep"
"114","PRESERVED_SPECIMEN","Sylvilagus aquaticus",-91.652973050122,34.6740789297453,"cdrep"
"115","PRESERVED_SPECIMEN","Sylvilagus aquaticus",-90.9819421930882,30.8071897602802,"cdrep"
"116","PRESERVED_SPECIMEN","Sylvilagus aquaticus",-91.9869660428239,30.2052065137223,"cdrep"
"117","PRESERVED_SPECIMEN","Sylvilagus aquaticus",-90.6489327614172,30.5361991311176,"cdrep"
"118","PRESERVED_SPECIMEN","Sylvilagus aquaticus",-91.9429651041035,30.261204811989,"cdrep"
"119","PRESERVED_SPECIMEN","Sylvilagus aquaticus",-91.1249411588041,29.3242378321401,"cdrep"
"120","PRESERVED_SPECIMEN","Sylvilagus aquaticus",-91.905965164652,30.5601953070814,"cdrep"
"121","PRESERVED_SPECIMEN","Sylvilagus aquaticus",-91.8839628411433,30.0372122460966,"cdrep"
"122","PRESERVED_SPECIMEN","Sylvilagus aquaticus",-91.2139444404044,29.6452268431764,"cdrep"
"123","PRESERVED_SPECIMEN","Sylvilagus aquaticus",-91.823963293054,30.6301932880385,"cdrep"
"124","PRESERVED_SPECIMEN","Sylvilagus aquaticus",-89.6999053148013,29.4862356461103,"cdrep"
"125","PRESERVED_SPECIMEN","Sylvilagus aquaticus",-89.697905166827,29.4522367926642,"cdrep"
"126","PRESERVED_SPECIMEN","Sylvilagus aquaticus",-90.895931,34.877546,""
"127","PRESERVED_SPECIMEN","Sylvilagus aquaticus",-90.949341,35.066068,""
"128","PRESERVED_SPECIMEN","Sylvilagus aquaticus",-86.5395287415126,31.3534817344834,"cdrep"
"129","PRESERVED_SPECIMEN","Sylvilagus aquaticus",-91.8819633121177,30.1932071695955,"cdrep"
"130","PRESERVED_SPECIMEN","Sylvilagus aquaticus",-91.9969678374898,30.6581919606695,"cdrep"
"131","PRESERVED_SPECIMEN","Sylvilagus aquaticus",-91.1869460655969,30.3702031709837,"cdrep"
"132","PRESERVED_SPECIMEN","Sylvilagus aquaticus",-91.665958121247,30.2972043463057,"cdrep"
"133","PRESERVED_SPECIMEN","Sylvilagus aquaticus",-91.99667,30.65778,""
"134","PRESERVED_SPECIMEN","Sylvilagus aquaticus",-90.9779417255799,30.693193367073,"cdrep"
"135","PRESERVED_SPECIMEN","Sylvilagus aquaticus",-91.8329617360328,30.0972104159096,"cdrep"
"136","PRESERVED_SPECIMEN","Sylvilagus aquaticus",-89.9289105658575,29.2812420556223,"cdrep"
"137","PRESERVED_SPECIMEN","Sylvilagus aquaticus",-88.4881,33.9843,""
"138","PRESERVED_SPECIMEN","Sylvilagus aquaticus",-89.7479091058714,30.3762062896076,"cdrep"
"139","PRESERVED_SPECIMEN","Sylvilagus aquaticus",-90.0469154852962,29.9342199991688,"cdrep"
"140","PRESERVED_SPECIMEN","Sylvilagus aquaticus",-91.3689507357437,30.3692027602849,"cdrep"
"141","PRESERVED_SPECIMEN","Sylvilagus aquaticus",-90.7139306672529,29.3162390791211,"cdrep"
"142","PRESERVED_SPECIMEN","Sylvilagus aquaticus",-90.0699161570143,29.9622190282129,"cdrep"
"143","PRESERVED_SPECIMEN","Sylvilagus aquaticus",-91.7589614500238,30.5791950730467,"cdrep"
"144","PRESERVED_SPECIMEN","Sylvilagus aquaticus",-90.6659317389314,30.0652142937507,"cdrep"
"145","PRESERVED_SPECIMEN","Sylvilagus aquaticus",-90.3319216989722,29.572231354045,"cdrep"
"146","PRESERVED_SPECIMEN","Sylvilagus aquaticus",-91.9129639485831,30.1462086179984,"cdrep"
"147","PRESERVED_SPECIMEN","Sylvilagus aquaticus",-89.723267,30.875486,"cdround"
"148","PRESERVED_SPECIMEN","Sylvilagus aquaticus",-90.7999364484068,30.473200790197,"cdrep"
"149","PRESERVED_SPECIMEN","Sylvilagus aquaticus",-89.6879060230324,29.8412238545072,"cdrep"
"150","PRESERVED_SPECIMEN","Sylvilagus aquaticus",-91.9779667091679,30.4701979982929,"cdrep"
"151","PRESERVED_SPECIMEN","Sylvilagus aquaticus",-91.5989567130756,30.3912014856124,"cdrep"
"152","PRESERVED_SPECIMEN","Sylvilagus aquaticus",-90.994942166629,30.6941932948675,"cdrep"
"153","PRESERVED_SPECIMEN","Sylvilagus aquaticus",-91.9179635973467,30.0032132726373,"cdrep"
"154","PRESERVED_SPECIMEN","Sylvilagus aquaticus",-83.6235,35.0461,""
"155","PRESERVED_SPECIMEN","Sylvilagus aquaticus",-84.46589,31.52675,""
"156","PRESERVED_SPECIMEN","Sylvilagus aquaticus",-91.1219510677743,32.4081411542604,"cdrep"
"157","PRESERVED_SPECIMEN","Sylvilagus aquaticus",-91.0369419619065,30.2912060780018,"cdrep"
"158","PRESERVED_SPECIMEN","Sylvilagus aquaticus",-90.7189323618859,29.8272219856655,"cdrep"
"159","PRESERVED_SPECIMEN","Sylvilagus aquaticus",-84.3614767650581,34.0232088646862,"cdrep"
"160","PRESERVED_SPECIMEN","Sylvilagus aquaticus",-90.8469367493018,30.1842099943139,"cdrep"
"161","PRESERVED_SPECIMEN","Sylvilagus aquaticus",-90.9759397453876,30.0852129096355,"cdrep"
"162","PRESERVED_SPECIMEN","Sylvilagus aquaticus",-91.883743,35.788178,"cdround,gass84"
"163","PRESERVED_SPECIMEN","Sylvilagus aquaticus",-91.0989434223994,30.2502072545565,"cdrep"
"164","PRESERVED_SPECIMEN","Sylvilagus aquaticus",-90.1639212503943,30.8581900532615,"cdrep"
"165","PRESERVED_SPECIMEN","Sylvilagus aquaticus",-91.8619646937268,30.755189235814,"cdrep"
"166","PRESERVED_SPECIMEN","Sylvilagus aquaticus",-91.1249446143613,30.4142019068823,"cdrep"
"167","PRESERVED_SPECIMEN","Sylvilagus aquaticus",-91.0059397326857,29.8372209763429,"cdrep"
"168","PRESERVED_SPECIMEN","Sylvilagus aquaticus",-90.4819260028805,29.729225780897,"cdrep"
"169","PRESERVED_SPECIMEN","Sylvilagus aquaticus",-84.38225,32.6035,""
"170","PRESERVED_SPECIMEN","Sylvilagus aquaticus",-86.001687,34.012108,""
"171","PRESERVED_SPECIMEN","Sylvilagus aquaticus",-89.403679,36.365067,"cdround,gass84"
"172","PRESERVED_SPECIMEN","Sylvilagus aquaticus",-88.8368988009533,35.0530759281411,"cdrep"
"173","PRESERVED_SPECIMEN","Sylvilagus aquaticus",-88.8969009434826,35.233071471345,"cdrep"
"174","PRESERVED_SPECIMEN","Sylvilagus aquaticus",-88.8448990160843,35.0530759123526,"cdrep"
"175","PRESERVED_SPECIMEN","Sylvilagus aquaticus",-84.5505793697009,32.6132472736661,"cdrep"
"176","PRESERVED_SPECIMEN","Sylvilagus aquaticus",-84.5883801911783,32.5158500203733,"cdrep"
"177","PRESERVED_SPECIMEN","Sylvilagus aquaticus",-91.6415583545952,30.5560961026084,"cdrep"
"178","PRESERVED_SPECIMEN","Sylvilagus aquaticus",-91.6419583652113,30.5561960984243,"cdrep"
"179","PRESERVED_SPECIMEN","Sylvilagus aquaticus",-91.17594583133,30.385202715273,"cdrep"
"180","PRESERVED_SPECIMEN","Sylvilagus aquaticus",-89.2568931668473,29.1812469094224,"cdrep"
"181","PRESERVED_SPECIMEN","Sylvilagus aquaticus",-91.1866462996391,30.4453007605805,"cdrep"
"182","PRESERVED_SPECIMEN","Sylvilagus aquaticus",-91.1759459245978,30.4142017838378,"cdrep"
"183","PRESERVED_SPECIMEN","Sylvilagus aquaticus",-91.3969522100102,30.600195303707,"cdrep"
"184","PRESERVED_SPECIMEN","Sylvilagus aquaticus",-91.2299472537258,30.3962022310685,"cdrep"
"185","PRESERVED_SPECIMEN","Sylvilagus aquaticus",-91.0259418670939,30.3502042018924,"cdrep"
"186","PRESERVED_SPECIMEN","Sylvilagus aquaticus",-89.1259988366731,32.4101455553781,"cdrep"
"187","PRESERVED_SPECIMEN","Sylvilagus aquaticus",-88.88633,30.498297,"cdround,gass84"
"188","PRESERVED_SPECIMEN","Sylvilagus aquaticus",-91.906231,29.898539,""
"189","PRESERVED_SPECIMEN","Sylvilagus aquaticus",-89.133446,29.086866,""
"190","PRESERVED_SPECIMEN","Sylvilagus aquaticus",-91.79528,29.91917,""
"191","PRESERVED_SPECIMEN","Sylvilagus aquaticus",-90.085487,30.975582,"cdround,gass84"
"192","PRESERVED_SPECIMEN","Sylvilagus aquaticus",-89.956181,29.674379,""
"193","PRESERVED_SPECIMEN","Sylvilagus aquaticus",-90.990653,29.686876,""
"194","PRESERVED_SPECIMEN","Sylvilagus aquaticus",-90.06,29.95,""
"195","PRESERVED_SPECIMEN","Sylvilagus aquaticus",-91.792626,32.775135,""
"196","PRESERVED_SPECIMEN","Sylvilagus aquaticus",-91.8402,30.9213,""
"197","PRESERVED_SPECIMEN","Sylvilagus aquaticus",-90.033386,30.866686,"cdround"
