"","basisOfRecord","species","decimalLongitude","decimalLatitude","issues"
"1","HUMAN_OBSERVATION","Sylvilagus palustris",-80.146474,26.47786,"cdround,gass84"
"2","HUMAN_OBSERVATION","Sylvilagus palustris",-82.030312,26.442774,"cdround,gass84"
"3","HUMAN_OBSERVATION","Sylvilagus palustris",-81.425827,31.015902,"cdround,gass84"
"4","HUMAN_OBSERVATION","Sylvilagus palustris",-81.15434,28.511613,"gass84"
"5","HUMAN_OBSERVATION","Sylvilagus palustris",-80.169481,26.809378,"cdround,gass84"
"6","HUMAN_OBSERVATION","Sylvilagus palustris",-87.4021,30.309053,"cdround,gass84"
"7","HUMAN_OBSERVATION","Sylvilagus palustris",-82.508827,28.143921,"cdround,gass84"
"8","HUMAN_OBSERVATION","Sylvilagus palustris",-82.039777,26.440424,"cdround,gass84"
"9","HUMAN_OBSERVATION","Sylvilagus palustris",-82.34388,28.006521,"cdround,gass84"
"10","HUMAN_OBSERVATION","Sylvilagus palustris",-82.715736,27.714599,"cdround,gass84"
"11","HUMAN_OBSERVATION","Sylvilagus palustris",-82.587118,28.888236,"cdround,gass84"
"12","HUMAN_OBSERVATION","Sylvilagus palustris",-81.634797,26.315037,"cdround,gass84"
"13","HUMAN_OBSERVATION","Sylvilagus palustris",-80.299971,26.629983,"cdround,gass84"
"14","HUMAN_OBSERVATION","Sylvilagus palustris",-81.594185,27.968447,"cdround,gass84"
"15","HUMAN_OBSERVATION","Sylvilagus palustris",-82.148917,26.47693,"cdround,gass84"
"16","HUMAN_OBSERVATION","Sylvilagus palustris",-82.042341,26.435521,"cdround,gass84"
"17","HUMAN_OBSERVATION","Sylvilagus palustris",-81.943934,28.023644,"gass84"
"18","HUMAN_OBSERVATION","Sylvilagus palustris",-80.212641,26.499123,"cdround,gass84"
"19","HUMAN_OBSERVATION","Sylvilagus palustris",-82.081747,26.428055,"cdround,gass84"
"20","HUMAN_OBSERVATION","Sylvilagus palustris",-82.086991,26.427306,"cdround,gass84"
"21","HUMAN_OBSERVATION","Sylvilagus palustris",-82.086546,26.428981,"cdround,gass84"
"22","HUMAN_OBSERVATION","Sylvilagus palustris",-80.221664,26.497921,"cdround,gass84"
"23","HUMAN_OBSERVATION","Sylvilagus palustris",-81.259842,28.263983,"cdround,gass84"
"24","HUMAN_OBSERVATION","Sylvilagus palustris",-80.142014,26.479678,"cdround,gass84"
"25","HUMAN_OBSERVATION","Sylvilagus palustris",-80.142987,26.478542,"cdround,gass84"
"26","HUMAN_OBSERVATION","Sylvilagus palustris",-82.575249,27.570289,"cdround,gass84"
"27","HUMAN_OBSERVATION","Sylvilagus palustris",-81.462429,28.404916,"cdround,gass84"
"28","HUMAN_OBSERVATION","Sylvilagus palustris",-80.221628,26.498059,"cdround,gass84"
"29","HUMAN_OBSERVATION","Sylvilagus palustris",-82.715904,27.71441,"cdround,gass84"
"30","HUMAN_OBSERVATION","Sylvilagus palustris",-81.812334,26.222581,"cdround,gass84"
"31","HUMAN_OBSERVATION","Sylvilagus palustris",-80.763665,28.226757,"cdround,gass84"
"32","HUMAN_OBSERVATION","Sylvilagus palustris",-82.083697,26.429402,"cdround,gass84"
"33","HUMAN_OBSERVATION","Sylvilagus palustris",-82.650375,27.729295,"gass84"
"34","HUMAN_OBSERVATION","Sylvilagus palustris",-82.444508,28.238877,"cdround,gass84"
"35","HUMAN_OBSERVATION","Sylvilagus palustris",-80.16233,26.48825,"cdround,gass84"
"36","HUMAN_OBSERVATION","Sylvilagus palustris",-82.413723,28.180621,"cdround,gass84"
"37","HUMAN_OBSERVATION","Sylvilagus palustris",-82.377036,28.07175,"cdround,gass84"
"38","HUMAN_OBSERVATION","Sylvilagus palustris",-82.436648,27.32037,"cdround,gass84"
"39","HUMAN_OBSERVATION","Sylvilagus palustris",-82.406197,28.175057,"cdround,gass84"
"40","HUMAN_OBSERVATION","Sylvilagus palustris",-81.866795,27.988227,"cdround,gass84"
"41","HUMAN_OBSERVATION","Sylvilagus palustris",-82.310602,28.178341,"gass84"
"42","HUMAN_OBSERVATION","Sylvilagus palustris",-81.583837,28.405651,"cdround,gass84"
"43","HUMAN_OBSERVATION","Sylvilagus palustris",-80.381631,27.60736,"cdround,gass84"
"44","HUMAN_OBSERVATION","Sylvilagus palustris",-82.10276,26.427786,"cdround,gass84"
"45","HUMAN_OBSERVATION","Sylvilagus palustris",-82.677858,27.497359,"cdround,gass84"
"46","HUMAN_OBSERVATION","Sylvilagus palustris",-80.161799,27.189134,"cdround,gass84"
"47","HUMAN_OBSERVATION","Sylvilagus palustris",-82.087746,26.427217,"cdround,gass84"
"48","HUMAN_OBSERVATION","Sylvilagus palustris",-81.954991,26.857594,"cdround,gass84"
"49","HUMAN_OBSERVATION","Sylvilagus palustris",-82.369317,28.073061,"cdround,gass84"
"50","HUMAN_OBSERVATION","Sylvilagus palustris",-82.373045,28.073071,"cdround,gass84"
"51","HUMAN_OBSERVATION","Sylvilagus palustris",-82.36927,28.073195,"cdround,gass84"
"52","HUMAN_OBSERVATION","Sylvilagus palustris",-82.70287,28.091314,"cdround,gass84"
"53","HUMAN_OBSERVATION","Sylvilagus palustris",-80.141904,26.479666,"cdround,gass84"
"54","HUMAN_OBSERVATION","Sylvilagus palustris",-82.438832,27.318404,"cdround,gass84"
"55","HUMAN_OBSERVATION","Sylvilagus palustris",-80.09243,26.584851,"cdround,gass84"
"56","HUMAN_OBSERVATION","Sylvilagus palustris",-82.344033,28.006986,"cdround,gass84"
"57","HUMAN_OBSERVATION","Sylvilagus palustris",-82.525516,28.15372,"cdround,gass84"
"58","HUMAN_OBSERVATION","Sylvilagus palustris",-81.878084,26.528397,"cdround,gass84"
"59","HUMAN_OBSERVATION","Sylvilagus palustris",-82.502747,28.118867,"gass84"
"60","HUMAN_OBSERVATION","Sylvilagus palustris",-82.37375,28.07225,"gass84"
"61","HUMAN_OBSERVATION","Sylvilagus palustris",-82.379932,28.075233,"cdround,gass84"
"62","HUMAN_OBSERVATION","Sylvilagus palustris",-82.375376,28.073871,"gass84"
"63","HUMAN_OBSERVATION","Sylvilagus palustris",-82.706152,28.092764,"cdround,gass84"
"64","HUMAN_OBSERVATION","Sylvilagus palustris",-82.37252,28.068972,"cdround,gass84"
"65","HUMAN_OBSERVATION","Sylvilagus palustris",-82.434589,27.320709,"cdround,gass84"
"66","HUMAN_OBSERVATION","Sylvilagus palustris",-80.162247,26.488125,"cdround,gass84"
"67","HUMAN_OBSERVATION","Sylvilagus palustris",-82.138475,26.448782,"cdround,gass84"
"68","HUMAN_OBSERVATION","Sylvilagus palustris",-81.751655,26.262812,"cdround,gass84"
"69","HUMAN_OBSERVATION","Sylvilagus palustris",-81.751655,26.262803,"cdround,gass84"
"70","HUMAN_OBSERVATION","Sylvilagus palustris",-80.143264,26.47878,"cdround,gass84"
"71","HUMAN_OBSERVATION","Sylvilagus palustris",-81.460464,28.413763,"cdround,gass84"
"72","HUMAN_OBSERVATION","Sylvilagus palustris",-80.235763,26.110075,"cdround,gass84"
"73","HUMAN_OBSERVATION","Sylvilagus palustris",-81.094575,28.650665,"cdround,gass84"
"74","HUMAN_OBSERVATION","Sylvilagus palustris",-81.104027,28.559723,"cdround,gass84"
"75","HUMAN_OBSERVATION","Sylvilagus palustris",-81.103421,28.560046,"cdround,gass84"
"76","HUMAN_OBSERVATION","Sylvilagus palustris",-82.45335,27.428612,"cdround,gass84"
"77","HUMAN_OBSERVATION","Sylvilagus palustris",-81.102645,28.560438,"cdround,gass84"
"78","HUMAN_OBSERVATION","Sylvilagus palustris",-81.102594,28.560005,"cdround,gass84"
"79","HUMAN_OBSERVATION","Sylvilagus palustris",-81.102557,28.560374,"cdround,gass84"
"80","HUMAN_OBSERVATION","Sylvilagus palustris",-80.345546,27.254515,"cdround,gass84"
"81","HUMAN_OBSERVATION","Sylvilagus palustris",-81.776612,26.350217,"cdround,gass84"
"82","HUMAN_OBSERVATION","Sylvilagus palustris",-81.455997,28.271678,"cdround,gass84"
"83","HUMAN_OBSERVATION","Sylvilagus palustris",-80.163918,26.309227,"cdround,gass84"
"84","HUMAN_OBSERVATION","Sylvilagus palustris",-80.163925,26.30918,"gass84"
"85","HUMAN_OBSERVATION","Sylvilagus palustris",-80.158713,26.485455,"cdround,gass84"
"86","HUMAN_OBSERVATION","Sylvilagus palustris",-81.85497,27.982313,"cdround,gass84"
"87","HUMAN_OBSERVATION","Sylvilagus palustris",-80.40116,27.633724,"cdround,gass84"
"88","HUMAN_OBSERVATION","Sylvilagus palustris",-81.855954,27.982857,"cdround,gass84"
"89","HUMAN_OBSERVATION","Sylvilagus palustris",-82.080787,26.428599,"cdround,gass84"
"90","HUMAN_OBSERVATION","Sylvilagus palustris",-82.080703,26.428692,"cdround,gass84"
"91","HUMAN_OBSERVATION","Sylvilagus palustris",-81.457164,28.321054,"cdround,gass84"
"92","HUMAN_OBSERVATION","Sylvilagus palustris",-81.603235,27.827096,"cdround,gass84"
"93","HUMAN_OBSERVATION","Sylvilagus palustris",-81.595576,28.362653,"cdround,gass84"
"94","HUMAN_OBSERVATION","Sylvilagus palustris",-81.182949,28.510947,"cdround,gass84"
"95","HUMAN_OBSERVATION","Sylvilagus palustris",-81.581581,27.748195,"cdround,gass84"
"96","HUMAN_OBSERVATION","Sylvilagus palustris",-82.523056,28.072779,"cdround,gass84"
"97","HUMAN_OBSERVATION","Sylvilagus palustris",-82.432854,27.320638,"cdround,gass84"
"98","HUMAN_OBSERVATION","Sylvilagus palustris",-81.119736,29.253058,"cdround,gass84"
"99","HUMAN_OBSERVATION","Sylvilagus palustris",-81.827451,28.103344,"cdround,gass84"
"100","HUMAN_OBSERVATION","Sylvilagus palustris",-82.039896,26.446326,"cdround,gass84"
"101","HUMAN_OBSERVATION","Sylvilagus palustris",-82.522224,28.072222,"cdround,gass84"
"102","HUMAN_OBSERVATION","Sylvilagus palustris",-82.327437,29.61824,"cdround,gass84"
"103","HUMAN_OBSERVATION","Sylvilagus palustris",-83.042183,29.375795,"cdround,gass84"
"104","HUMAN_OBSERVATION","Sylvilagus palustris",-82.130204,26.455184,"gass84"
"105","HUMAN_OBSERVATION","Sylvilagus palustris",-81.530806,30.24909,"cdround,gass84"
"106","HUMAN_OBSERVATION","Sylvilagus palustris",-82.781901,28.032429,"cdround,gass84"
"107","HUMAN_OBSERVATION","Sylvilagus palustris",-80.4487,27.859613,"cdround,gass84"
"108","HUMAN_OBSERVATION","Sylvilagus palustris",-81.638062,30.177603,"cdround,gass84"
"109","HUMAN_OBSERVATION","Sylvilagus palustris",-82.111512,26.443397,"cdround,gass84"
"110","HUMAN_OBSERVATION","Sylvilagus palustris",-80.142893,26.478018,"cdround,gass84"
"111","HUMAN_OBSERVATION","Sylvilagus palustris",-80.359137,27.665284,"cdround,gass84"
"112","HUMAN_OBSERVATION","Sylvilagus palustris",-84.163658,30.087974,"cdround,gass84"
"113","HUMAN_OBSERVATION","Sylvilagus palustris",-81.346975,28.590815,"cdround,gass84"
"114","HUMAN_OBSERVATION","Sylvilagus palustris",-82.118102,26.456403,"cdround,gass84"
"115","HUMAN_OBSERVATION","Sylvilagus palustris",-82.364058,29.631288,"cdround,gass84"
"116","HUMAN_OBSERVATION","Sylvilagus palustris",-80.13958,26.925947,"cdround,gass84"
"117","HUMAN_OBSERVATION","Sylvilagus palustris",-80.457785,26.667374,"cdround,gass84"
"118","HUMAN_OBSERVATION","Sylvilagus palustris",-82.37026,28.070423,"cdround,gass84"
"119","HUMAN_OBSERVATION","Sylvilagus palustris",-81.119553,29.253145,"cdround,gass84"
"120","HUMAN_OBSERVATION","Sylvilagus palustris",-81.349465,31.181433,"cdround,gass84"
"121","HUMAN_OBSERVATION","Sylvilagus palustris",-82.52458,27.960094,"cdround,gass84"
"122","HUMAN_OBSERVATION","Sylvilagus palustris",-82.371813,28.079973,"cdround,gass84"
"123","HUMAN_OBSERVATION","Sylvilagus palustris",-81.34783,28.280692,"cdround,gass84"
"124","HUMAN_OBSERVATION","Sylvilagus palustris",-80.43958,27.803572,"cdround,gass84"
"125","HUMAN_OBSERVATION","Sylvilagus palustris",-82.368471,29.632993,"cdround,gass84"
"126","HUMAN_OBSERVATION","Sylvilagus palustris",-82.133357,26.463858,"cdround,gass84"
"127","HUMAN_OBSERVATION","Sylvilagus palustris",-81.458863,28.415759,"cdround,gass84"
"128","HUMAN_OBSERVATION","Sylvilagus palustris",-82.068297,26.424155,"cdround,gass84"
"129","HUMAN_OBSERVATION","Sylvilagus palustris",-80.180832,26.290602,"cdround,gass84"
"130","HUMAN_OBSERVATION","Sylvilagus palustris",-81.57798,28.418011,"cdround,gass84"
"131","HUMAN_OBSERVATION","Sylvilagus palustris",-82.11312,26.435503,"cdround,gass84"
"132","HUMAN_OBSERVATION","Sylvilagus palustris",-82.369186,28.073345,"cdround,gass84"
"133","HUMAN_OBSERVATION","Sylvilagus palustris",-81.581002,28.418007,"cdround,gass84"
"134","HUMAN_OBSERVATION","Sylvilagus palustris",-82.409203,28.068985,"cdround,gass84"
"135","HUMAN_OBSERVATION","Sylvilagus palustris",-80.23763,26.111893,"cdround,gass84"
"136","HUMAN_OBSERVATION","Sylvilagus palustris",-82.127419,26.459245,"cdround,gass84"
"137","HUMAN_OBSERVATION","Sylvilagus palustris",-81.442421,30.273076,"cdround,gass84"
"138","HUMAN_OBSERVATION","Sylvilagus palustris",-81.794372,26.476058,"cdround,gass84"
"139","HUMAN_OBSERVATION","Sylvilagus palustris",-82.082503,26.4293,"cdround,gass84"
"140","HUMAN_OBSERVATION","Sylvilagus palustris",-81.455667,28.320877,"cdround,gass84"
"141","HUMAN_OBSERVATION","Sylvilagus palustris",-81.457178,28.320571,"cdround,gass84"
"142","HUMAN_OBSERVATION","Sylvilagus palustris",-81.191814,29.563753,"cdround,gass84"
"143","HUMAN_OBSERVATION","Sylvilagus palustris",-82.373955,28.071067,"cdround,gass84"
"144","HUMAN_OBSERVATION","Sylvilagus palustris",-82.54401,27.950056,"cdround,gass84"
"145","HUMAN_OBSERVATION","Sylvilagus palustris",-81.406395,31.173219,"cdround,gass84"
"146","HUMAN_OBSERVATION","Sylvilagus palustris",-80.829834,27.196045,"cdround,gass84"
"147","HUMAN_OBSERVATION","Sylvilagus palustris",-82.042794,26.436435,"cdround,gass84"
"148","HUMAN_OBSERVATION","Sylvilagus palustris",-82.369801,28.067367,"cdround,gass84"
"149","HUMAN_OBSERVATION","Sylvilagus palustris",-82.364312,28.055376,"cdround,gass84"
"150","HUMAN_OBSERVATION","Sylvilagus palustris",-82.77658,27.848417,"cdround,gass84"
"151","HUMAN_OBSERVATION","Sylvilagus palustris",-81.325761,29.92846,"cdround,gass84"
"152","HUMAN_OBSERVATION","Sylvilagus palustris",-80.618972,28.393938,"cdround,gass84"
"153","HUMAN_OBSERVATION","Sylvilagus palustris",-81.357825,28.58505,"gass84"
"154","HUMAN_OBSERVATION","Sylvilagus palustris",-80.771828,28.678378,"cdround,gass84"
"155","HUMAN_OBSERVATION","Sylvilagus palustris",-81.455439,28.319708,"cdround,gass84"
"156","HUMAN_OBSERVATION","Sylvilagus palustris",-81.066999,26.18302,"gass84"
"157","HUMAN_OBSERVATION","Sylvilagus palustris",-81.400444,30.364885,"cdround,gass84"
"158","HUMAN_OBSERVATION","Sylvilagus palustris",-80.143622,26.47827,"gass84"
"159","HUMAN_OBSERVATION","Sylvilagus palustris",-81.457156,28.319757,"cdround,gass84"
"160","HUMAN_OBSERVATION","Sylvilagus palustris",-81.335815,30.021814,"cdround,gass84"
"161","HUMAN_OBSERVATION","Sylvilagus palustris",-81.57738,27.937268,"cdround,gass84"
"162","HUMAN_OBSERVATION","Sylvilagus palustris",-81.4083,28.585544,"cdround,gass84"
"163","HUMAN_OBSERVATION","Sylvilagus palustris",-81.884661,28.055308,"cdround,gass84"
"164","HUMAN_OBSERVATION","Sylvilagus palustris",-77.005251,34.671714,"cdround,gass84"
"165","HUMAN_OBSERVATION","Sylvilagus palustris",-81.025011,31.956839,"cdround,gass84"
"166","HUMAN_OBSERVATION","Sylvilagus palustris",-81.246055,28.25372,"gass84"
"167","HUMAN_OBSERVATION","Sylvilagus palustris",-81.165314,28.551506,"cdround,gass84"
"168","HUMAN_OBSERVATION","Sylvilagus palustris",-81.475021,28.402084,"cdround,gass84"
"169","HUMAN_OBSERVATION","Sylvilagus palustris",-82.519829,28.148355,"cdround,gass84"
"170","HUMAN_OBSERVATION","Sylvilagus palustris",-81.35086,26.160531,"cdround,gass84"
"171","HUMAN_OBSERVATION","Sylvilagus palustris",-81.460067,28.407825,"cdround,gass84"
"172","HUMAN_OBSERVATION","Sylvilagus palustris",-82.115988,26.473092,"cdround,gass84"
"173","HUMAN_OBSERVATION","Sylvilagus palustris",-81.322552,28.565066,"cdround,gass84"
"174","HUMAN_OBSERVATION","Sylvilagus palustris",-82.33824,28.845975,"cdround,gass84"
"175","HUMAN_OBSERVATION","Sylvilagus palustris",-82.779738,28.032715,"cdround,gass84"
"176","HUMAN_OBSERVATION","Sylvilagus palustris",-82.373592,28.072334,"cdround,gass84"
"177","HUMAN_OBSERVATION","Sylvilagus palustris",-82.374287,28.072673,"cdround,gass84"
"178","HUMAN_OBSERVATION","Sylvilagus palustris",-82.369155,28.073728,"cdround,gass84"
"179","HUMAN_OBSERVATION","Sylvilagus palustris",-82.361178,29.644831,"gass84"
"180","HUMAN_OBSERVATION","Sylvilagus palustris",-81.474869,28.398376,"cdround,gass84"
"181","HUMAN_OBSERVATION","Sylvilagus palustris",-81.357904,28.585653,"cdround,gass84"
"182","HUMAN_OBSERVATION","Sylvilagus palustris",-82.59832,28.054578,"cdround,gass84"
"183","HUMAN_OBSERVATION","Sylvilagus palustris",-82.376126,28.072465,"cdround,gass84"
"184","HUMAN_OBSERVATION","Sylvilagus palustris",-80.178307,27.215424,"cdround,gass84"
"185","HUMAN_OBSERVATION","Sylvilagus palustris",-82.373178,27.250212,"cdround,gass84"
"186","HUMAN_OBSERVATION","Sylvilagus palustris",-81.246011,28.253708,"cdround,gass84"
"187","HUMAN_OBSERVATION","Sylvilagus palustris",-82.372445,28.073833,"cdround,gass84"
"188","HUMAN_OBSERVATION","Sylvilagus palustris",-82.659546,27.883374,"cdround,gass84"
"189","HUMAN_OBSERVATION","Sylvilagus palustris",-82.370195,28.074833,"cdround,gass84"
"190","HUMAN_OBSERVATION","Sylvilagus palustris",-81.457178,28.32035,"cdround,gass84"
"191","HUMAN_OBSERVATION","Sylvilagus palustris",-82.326501,29.617302,"cdround,gass84"
"192","HUMAN_OBSERVATION","Sylvilagus palustris",-81.8256,26.311512,"cdround,gass84"
"193","HUMAN_OBSERVATION","Sylvilagus palustris",-76.678722,34.697492,"gass84"
"194","HUMAN_OBSERVATION","Sylvilagus palustris",-82.659303,28.119735,"cdround,gass84"
"195","HUMAN_OBSERVATION","Sylvilagus palustris",-82.125883,26.43669,"cdround,gass84"
"196","HUMAN_OBSERVATION","Sylvilagus palustris",-81.859332,26.358609,"cdround,gass84"
"197","HUMAN_OBSERVATION","Sylvilagus palustris",-80.234613,26.63268,"cdround,gass84"
"198","HUMAN_OBSERVATION","Sylvilagus palustris",-82.207137,26.963283,"cdround,gass84"
"199","HUMAN_OBSERVATION","Sylvilagus palustris",-81.10463,28.559305,"cdround,gass84"
"200","HUMAN_OBSERVATION","Sylvilagus palustris",-82.598995,27.811337,"cdround,gass84"
"201","HUMAN_OBSERVATION","Sylvilagus palustris",-80.343125,25.801533,"cdround,gass84"
"202","HUMAN_OBSERVATION","Sylvilagus palustris",-82.322127,29.617378,"cdround,gass84"
"203","HUMAN_OBSERVATION","Sylvilagus palustris",-81.358695,28.583834,"cdround,gass84"
"204","HUMAN_OBSERVATION","Sylvilagus palustris",-82.437592,27.320156,"cdround,gass84"
"205","HUMAN_OBSERVATION","Sylvilagus palustris",-81.358699,28.585978,"cdround,gass84"
"206","HUMAN_OBSERVATION","Sylvilagus palustris",-82.702507,28.322548,"cdround,gass84"
"207","HUMAN_OBSERVATION","Sylvilagus palustris",-81.645401,30.404782,"cdround,gass84"
"208","HUMAN_OBSERVATION","Sylvilagus palustris",-80.143503,26.478839,"cdround,gass84"
"209","HUMAN_OBSERVATION","Sylvilagus palustris",-82.359832,29.745703,"cdround,gass84"
"210","HUMAN_OBSERVATION","Sylvilagus palustris",-82.3,29.6,""
"211","HUMAN_OBSERVATION","Sylvilagus palustris",-81.421715,31.018202,"cdround,gass84"
"212","HUMAN_OBSERVATION","Sylvilagus palustris",-81.642494,28.700526,"cdround,gass84"
"213","HUMAN_OBSERVATION","Sylvilagus palustris",-80.994086,28.572707,"cdround,gass84"
"214","HUMAN_OBSERVATION","Sylvilagus palustris",-82.301842,29.605153,"cdround,gass84"
"215","HUMAN_OBSERVATION","Sylvilagus palustris",-82.31985,29.659219,"cdround,gass84"
"216","HUMAN_OBSERVATION","Sylvilagus palustris",-82.358304,29.421141,"cdround,gass84"
"217","HUMAN_OBSERVATION","Sylvilagus palustris",-82.369207,29.634703,"cdround,gass84"
"218","HUMAN_OBSERVATION","Sylvilagus palustris",-75.49913,35.713382,"cdround,gass84"
"219","HUMAN_OBSERVATION","Sylvilagus palustris",-82.256953,26.687967,"cdround,gass84"
"220","HUMAN_OBSERVATION","Sylvilagus palustris",-80.192421,26.129939,"gass84"
"221","HUMAN_OBSERVATION","Sylvilagus palustris",-80.098495,26.913527,"gass84"
"222","HUMAN_OBSERVATION","Sylvilagus palustris",-82.710771,28.095478,"cdround,gass84"
"223","HUMAN_OBSERVATION","Sylvilagus palustris",-84.164335,30.0879,"cdround,gass84"
"224","HUMAN_OBSERVATION","Sylvilagus palustris",-82.435226,27.323471,"cdround,gass84"
"225","HUMAN_OBSERVATION","Sylvilagus palustris",-82.053075,29.214289,"gass84"
"226","HUMAN_OBSERVATION","Sylvilagus palustris",-82.511792,28.16829,"cdround,gass84"
"227","HUMAN_OBSERVATION","Sylvilagus palustris",-82.434046,27.324405,"cdround,gass84"
"228","HUMAN_OBSERVATION","Sylvilagus palustris",-82.374025,28.146847,"cdround,gass84"
"229","HUMAN_OBSERVATION","Sylvilagus palustris",-80.340635,25.803922,"cdround,gass84"
"230","HUMAN_OBSERVATION","Sylvilagus palustris",-84.165214,30.089341,"cdround,gass84"
"231","HUMAN_OBSERVATION","Sylvilagus palustris",-82.436943,27.322212,"cdround,gass84"
"232","HUMAN_OBSERVATION","Sylvilagus palustris",-75.563937,35.817658,"cdround,gass84"
"233","HUMAN_OBSERVATION","Sylvilagus palustris",-82.371094,28.074733,"cdround,gass84"
"234","HUMAN_OBSERVATION","Sylvilagus palustris",-82.371108,28.074683,"cdround,gass84"
"235","HUMAN_OBSERVATION","Sylvilagus palustris",-82.375633,28.071567,"cdround,gass84"
"236","HUMAN_OBSERVATION","Sylvilagus palustris",-82.375545,28.07134,"cdround,gass84"
"237","HUMAN_OBSERVATION","Sylvilagus palustris",-82.37555,28.071417,"cdround,gass84"
"238","HUMAN_OBSERVATION","Sylvilagus palustris",-82.372459,28.072058,"cdround,gass84"
"239","HUMAN_OBSERVATION","Sylvilagus palustris",-82.534322,28.053301,"cdround,gass84"
"240","HUMAN_OBSERVATION","Sylvilagus palustris",-82.37374,28.07442,"cdround,gass84"
"241","HUMAN_OBSERVATION","Sylvilagus palustris",-82.381306,28.074285,"cdround,gass84"
"242","HUMAN_OBSERVATION","Sylvilagus palustris",-82.375397,28.073999,"cdround,gass84"
"243","HUMAN_OBSERVATION","Sylvilagus palustris",-82.375275,28.07407,"cdround,gass84"
"244","HUMAN_OBSERVATION","Sylvilagus palustris",-82.374655,28.072714,"cdround,gass84"
"245","HUMAN_OBSERVATION","Sylvilagus palustris",-81.420268,31.070006,"cdround,gass84"
"246","HUMAN_OBSERVATION","Sylvilagus palustris",-82.37009,28.179323,"cdround,gass84"
"247","HUMAN_OBSERVATION","Sylvilagus palustris",-82.117758,26.437288,"cdround,gass84"
"248","HUMAN_OBSERVATION","Sylvilagus palustris",-81.825802,26.306965,"cdround,gass84"
"249","HUMAN_OBSERVATION","Sylvilagus palustris",-82.375488,28.074101,"cdround,gass84"
"250","HUMAN_OBSERVATION","Sylvilagus palustris",-82.3692,29.63412,"cdround,gass84"
"251","HUMAN_OBSERVATION","Sylvilagus palustris",-87.798408,30.233342,"cdround,gass84"
"252","HUMAN_OBSERVATION","Sylvilagus palustris",-84.161677,30.096376,"cdround,gass84"
"253","HUMAN_OBSERVATION","Sylvilagus palustris",-81.592005,28.355228,"cdround,gass84"
"254","HUMAN_OBSERVATION","Sylvilagus palustris",-81.34359,28.596969,"cdround,gass84"
"255","HUMAN_OBSERVATION","Sylvilagus palustris",-82.351875,29.638913,"cdround,gass84"
"256","HUMAN_OBSERVATION","Sylvilagus palustris",-75.565505,35.848166,"cdround,gass84"
"257","HUMAN_OBSERVATION","Sylvilagus palustris",-80.143422,26.478835,"cdround,gass84"
"258","HUMAN_OBSERVATION","Sylvilagus palustris",-80.142846,26.477759,"cdround,gass84"
"259","HUMAN_OBSERVATION","Sylvilagus palustris",-80.142865,26.4778,"cdround,gass84"
"260","HUMAN_OBSERVATION","Sylvilagus palustris",-80.1529,26.427542,"cdround,gass84"
"261","HUMAN_OBSERVATION","Sylvilagus palustris",-82.147951,26.984872,"cdround,gass84"
"262","HUMAN_OBSERVATION","Sylvilagus palustris",-80.608017,26.669995,"cdround,gass84"
"263","HUMAN_OBSERVATION","Sylvilagus palustris",-75.5653,35.848044,"cdround,gass84"
"264","HUMAN_OBSERVATION","Sylvilagus palustris",-80.431383,27.802238,"cdround,gass84"
"265","HUMAN_OBSERVATION","Sylvilagus palustris",-75.564217,35.818694,"cdround,gass84"
"266","HUMAN_OBSERVATION","Sylvilagus palustris",-75.563646,35.817461,"cdround,gass84"
"267","HUMAN_OBSERVATION","Sylvilagus palustris",-80.255264,26.905222,"cdround,gass84"
"268","HUMAN_OBSERVATION","Sylvilagus palustris",-75.624062,35.957392,"cdround,gass84"
"269","HUMAN_OBSERVATION","Sylvilagus palustris",-80.144748,26.478243,"cdround,gass84"
"270","HUMAN_OBSERVATION","Sylvilagus palustris",-82.294655,27.922133,"cdround,gass84"
"271","HUMAN_OBSERVATION","Sylvilagus palustris",-81.462273,28.413069,"cdround,gass84"
"272","HUMAN_OBSERVATION","Sylvilagus palustris",-81.515753,27.664827,"cdround,gass84"
"273","HUMAN_OBSERVATION","Sylvilagus palustris",-82.460971,27.17642,"cdround,gass84"
"274","HUMAN_OBSERVATION","Sylvilagus palustris",-81.287162,31.252173,"cdround,gass84"
"275","HUMAN_OBSERVATION","Sylvilagus palustris",-82.038729,26.448316,"cdround,gass84"
"276","HUMAN_OBSERVATION","Sylvilagus palustris",-81.589063,28.360759,"gass84"
"277","HUMAN_OBSERVATION","Sylvilagus palustris",-80.337959,25.801996,"gass84"
"278","HUMAN_OBSERVATION","Sylvilagus palustris",-82.544136,27.950453,"cdround,gass84"
"279","HUMAN_OBSERVATION","Sylvilagus palustris",-81.544797,30.619004,"cdround,gass84"
"280","HUMAN_OBSERVATION","Sylvilagus palustris",-82.036202,26.442089,"cdround,gass84"
"281","HUMAN_OBSERVATION","Sylvilagus palustris",-82.373327,28.073688,"cdround,gass84"
"282","HUMAN_OBSERVATION","Sylvilagus palustris",-82.514725,28.154444,"cdround,gass84"
"283","HUMAN_OBSERVATION","Sylvilagus palustris",-82.374878,28.07122,"cdround,gass84"
"284","HUMAN_OBSERVATION","Sylvilagus palustris",-82.374887,28.07122,"cdround,gass84"
"285","HUMAN_OBSERVATION","Sylvilagus palustris",-81.28118,28.248902,"cdround,gass84"
"286","HUMAN_OBSERVATION","Sylvilagus palustris",-82.375381,28.073874,"cdround,gass84"
"287","HUMAN_OBSERVATION","Sylvilagus palustris",-82.370866,28.073568,"cdround,gass84"
"288","HUMAN_OBSERVATION","Sylvilagus palustris",-82.502798,28.119479,"cdround,gass84"
"289","HUMAN_OBSERVATION","Sylvilagus palustris",-82.38672,28.061931,"cdround,gass84"
"290","HUMAN_OBSERVATION","Sylvilagus palustris",-82.379058,28.055225,"cdround,gass84"
"291","HUMAN_OBSERVATION","Sylvilagus palustris",-82.776389,27.848003,"cdround,gass84"
"292","HUMAN_OBSERVATION","Sylvilagus palustris",-82.375296,28.073866,"gass84"
"293","HUMAN_OBSERVATION","Sylvilagus palustris",-82.372787,28.073295,"cdround,gass84"
"294","HUMAN_OBSERVATION","Sylvilagus palustris",-82.776672,27.848419,"cdround,gass84"
"295","HUMAN_OBSERVATION","Sylvilagus palustris",-82.690254,27.817722,"cdround,gass84"
"296","HUMAN_OBSERVATION","Sylvilagus palustris",-82.51889,28.147778,"cdround,gass84"
"297","HUMAN_OBSERVATION","Sylvilagus palustris",-82.369523,29.634736,"cdround,gass84"
"298","HUMAN_OBSERVATION","Sylvilagus palustris",-82.365967,28.062883,"cdround,gass84"
"299","HUMAN_OBSERVATION","Sylvilagus palustris",-82.77475,27.841233,"gass84"
"300","HUMAN_OBSERVATION","Sylvilagus palustris",-82.36895,28.071953,"cdround,gass84"
"301","HUMAN_OBSERVATION","Sylvilagus palustris",-82.372286,28.073682,"gass84"
"302","HUMAN_OBSERVATION","Sylvilagus palustris",-82.374388,28.072889,"cdround,gass84"
"303","HUMAN_OBSERVATION","Sylvilagus palustris",-82.407917,28.073028,"cdround,gass84,cdumi"
"304","HUMAN_OBSERVATION","Sylvilagus palustris",-82.374794,28.073269,"cdround,gass84"
"305","HUMAN_OBSERVATION","Sylvilagus palustris",-82.375367,28.071353,"cdround,gass84"
"306","HUMAN_OBSERVATION","Sylvilagus palustris",-82.374878,28.071261,"cdround,gass84"
"307","HUMAN_OBSERVATION","Sylvilagus palustris",-82.509475,28.126903,"cdround,gass84"
"308","HUMAN_OBSERVATION","Sylvilagus palustris",-82.374381,28.071025,"cdround,gass84"
"309","HUMAN_OBSERVATION","Sylvilagus palustris",-82.372787,28.072695,"cdround,gass84"
"310","HUMAN_OBSERVATION","Sylvilagus palustris",-82.372787,28.072678,"cdround,gass84"
"311","HUMAN_OBSERVATION","Sylvilagus palustris",-82.375162,28.0733,"cdround,gass84"
"312","HUMAN_OBSERVATION","Sylvilagus palustris",-82.374695,28.071083,"cdround,gass84"
"313","HUMAN_OBSERVATION","Sylvilagus palustris",-82.374443,28.070833,"cdround,gass84"
"314","HUMAN_OBSERVATION","Sylvilagus palustris",-82.756768,28.146125,"gass84"
"315","HUMAN_OBSERVATION","Sylvilagus palustris",-82.442348,28.098612,"cdround,gass84"
"316","HUMAN_OBSERVATION","Sylvilagus palustris",-82.371987,28.074058,"cdround,gass84"
"317","HUMAN_OBSERVATION","Sylvilagus palustris",-82.369767,28.07312,"cdround,gass84"
"318","HUMAN_OBSERVATION","Sylvilagus palustris",-82.374375,28.071026,"cdround,gass84"
"319","HUMAN_OBSERVATION","Sylvilagus palustris",-82.373832,28.074396,"cdround,gass84"
"320","HUMAN_OBSERVATION","Sylvilagus palustris",-82.373825,28.071269,"cdround,gass84"
"321","HUMAN_OBSERVATION","Sylvilagus palustris",-82.431887,28.198588,"cdround,gass84"
"322","HUMAN_OBSERVATION","Sylvilagus palustris",-81.826604,26.571056,"cdround,gass84"
"323","HUMAN_OBSERVATION","Sylvilagus palustris",-82.37504,28.072419,"cdround,gass84"
"324","HUMAN_OBSERVATION","Sylvilagus palustris",-82.373799,28.071231,"cdround,gass84"
"325","HUMAN_OBSERVATION","Sylvilagus palustris",-82.372745,28.07215,"cdround,gass84"
"326","HUMAN_OBSERVATION","Sylvilagus palustris",-82.372687,28.073348,"cdround,gass84"
"327","HUMAN_OBSERVATION","Sylvilagus palustris",-81.432831,30.298162,"gass84"
"328","HUMAN_OBSERVATION","Sylvilagus palustris",-82.369575,28.074739,"cdround,gass84"
"329","HUMAN_OBSERVATION","Sylvilagus palustris",-82.374895,28.072478,"cdround,gass84"
"330","HUMAN_OBSERVATION","Sylvilagus palustris",-82.370858,28.074747,"cdround,gass84"
"331","HUMAN_OBSERVATION","Sylvilagus palustris",-82.375122,28.07135,"cdround,gass84"
"332","HUMAN_OBSERVATION","Sylvilagus palustris",-82.369628,28.073225,"cdround,gass84"
"333","HUMAN_OBSERVATION","Sylvilagus palustris",-82.50235,27.864922,"cdround,gass84"
"334","HUMAN_OBSERVATION","Sylvilagus palustris",-82.375145,28.073978,"cdround,gass84"
"335","HUMAN_OBSERVATION","Sylvilagus palustris",-82.376083,28.072742,"cdround,gass84"
"336","HUMAN_OBSERVATION","Sylvilagus palustris",-82.373275,28.072753,"cdround,gass84"
"337","HUMAN_OBSERVATION","Sylvilagus palustris",-82.37247,28.070737,"cdround,gass84"
"338","HUMAN_OBSERVATION","Sylvilagus palustris",-82.372958,28.071708,"gass84"
"339","HUMAN_OBSERVATION","Sylvilagus palustris",-82.374712,28.071111,"cdround,gass84"
"340","HUMAN_OBSERVATION","Sylvilagus palustris",-82.369481,28.073225,"cdround,gass84"
"341","HUMAN_OBSERVATION","Sylvilagus palustris",-82.375105,28.071336,"cdround,gass84"
"342","HUMAN_OBSERVATION","Sylvilagus palustris",-79.125015,34.742451,"cdround,gass84"
"343","HUMAN_OBSERVATION","Sylvilagus palustris",-80.239162,26.115678,"cdround,gass84"
"344","HUMAN_OBSERVATION","Sylvilagus palustris",-81.293787,28.260206,"cdround,gass84"
"345","HUMAN_OBSERVATION","Sylvilagus palustris",-81.588493,28.366585,"cdround,gass84"
"346","HUMAN_OBSERVATION","Sylvilagus palustris",-82.181287,26.482177,"cdround,gass84"
"347","HUMAN_OBSERVATION","Sylvilagus palustris",-82.125892,26.436952,"cdround,gass84"
"348","HUMAN_OBSERVATION","Sylvilagus palustris",-81.275697,28.259425,"cdround,gass84"
"349","HUMAN_OBSERVATION","Sylvilagus palustris",-81.27673,28.259283,"cdround,gass84"
"350","HUMAN_OBSERVATION","Sylvilagus palustris",-81.297672,28.261387,"cdround,gass84"
"351","HUMAN_OBSERVATION","Sylvilagus palustris",-81.398048,28.292799,"cdround,gass84"
"352","HUMAN_OBSERVATION","Sylvilagus palustris",-82.301482,29.604896,"cdround,gass84"
"353","HUMAN_OBSERVATION","Sylvilagus palustris",-82.333159,29.58358,"cdround,gass84"
"354","HUMAN_OBSERVATION","Sylvilagus palustris",-81.84182,27.962217,"cdround,gass84"
"355","HUMAN_OBSERVATION","Sylvilagus palustris",-82.297897,29.594357,"cdround,gass84"
"356","HUMAN_OBSERVATION","Sylvilagus palustris",-82.301825,29.604291,"cdround,gass84"
"357","HUMAN_OBSERVATION","Sylvilagus palustris",-82.790065,28.050867,"cdround,gass84"
"358","HUMAN_OBSERVATION","Sylvilagus palustris",-80.142753,26.479543,"cdround,gass84"
"359","HUMAN_OBSERVATION","Sylvilagus palustris",-81.320778,28.567672,"cdround,gass84"
"360","HUMAN_OBSERVATION","Sylvilagus palustris",-81.583799,28.419452,"cdround,gass84"
"361","HUMAN_OBSERVATION","Sylvilagus palustris",-81.326554,28.575186,"cdround,gass84"
"362","HUMAN_OBSERVATION","Sylvilagus palustris",-82.302082,29.605242,"cdround,gass84"
"363","HUMAN_OBSERVATION","Sylvilagus palustris",-80.345743,26.681488,"cdround,gass84"
"364","HUMAN_OBSERVATION","Sylvilagus palustris",-81.856041,27.982863,"cdround,gass84"
"365","HUMAN_OBSERVATION","Sylvilagus palustris",-80.37991,25.783708,"gass84"
"366","HUMAN_OBSERVATION","Sylvilagus palustris",-80.24123,26.119418,"cdround,gass84"
"367","HUMAN_OBSERVATION","Sylvilagus palustris",-80.194477,32.795211,"cdround,gass84"
"368","HUMAN_OBSERVATION","Sylvilagus palustris",-80.861869,28.539289,"cdround,gass84"
"369","HUMAN_OBSERVATION","Sylvilagus palustris",-81.581212,28.417663,"gass84"
"370","HUMAN_OBSERVATION","Sylvilagus palustris",-75.836058,36.389687,"cdround,gass84"
"371","HUMAN_OBSERVATION","Sylvilagus palustris",-81.858908,26.358628,"cdround,gass84"
"372","HUMAN_OBSERVATION","Sylvilagus palustris",-81.505895,26.414385,"gass84"
"373","HUMAN_OBSERVATION","Sylvilagus palustris",-82.651062,27.729203,"cdround,gass84"
"374","HUMAN_OBSERVATION","Sylvilagus palustris",-81.375153,28.543023,"cdround,gass84"
"375","HUMAN_OBSERVATION","Sylvilagus palustris",-82.615862,30.167032,"cdround,gass84"
"376","HUMAN_OBSERVATION","Sylvilagus palustris",-81.2511,29.764003,"cdround,gass84"
"377","HUMAN_OBSERVATION","Sylvilagus palustris",-80.761059,32.136486,"cdround,gass84"
"378","HUMAN_OBSERVATION","Sylvilagus palustris",-82.293353,29.520249,"cdround,gass84"
"379","HUMAN_OBSERVATION","Sylvilagus palustris",-87.414003,30.313513,"cdround,gass84"
"380","HUMAN_OBSERVATION","Sylvilagus palustris",-81.543051,28.314836,"cdround,gass84"
"381","HUMAN_OBSERVATION","Sylvilagus palustris",-81.549404,28.374694,"gass84"
"382","HUMAN_OBSERVATION","Sylvilagus palustris",-82.435784,27.050559,"cdround,gass84"
"383","HUMAN_OBSERVATION","Sylvilagus palustris",-81.276787,28.259212,"cdround,gass84"
"384","HUMAN_OBSERVATION","Sylvilagus palustris",-81.276825,28.259075,"gass84"
"385","HUMAN_OBSERVATION","Sylvilagus palustris",-81.4292,28.400033,"cdround,gass84"
"386","HUMAN_OBSERVATION","Sylvilagus palustris",-82.363052,29.641388,"cdround,gass84"
"387","HUMAN_OBSERVATION","Sylvilagus palustris",-80.14251,26.480268,"cdround,gass84"
"388","HUMAN_OBSERVATION","Sylvilagus palustris",-82.049893,26.43157,"cdround,gass84"
"389","HUMAN_OBSERVATION","Sylvilagus palustris",-82.022314,26.44897,"cdround,gass84"
"390","HUMAN_OBSERVATION","Sylvilagus palustris",-82.142296,30.730145,"cdround,gass84"
"391","HUMAN_OBSERVATION","Sylvilagus palustris",-82.119843,26.441565,"cdround,gass84"
"392","HUMAN_OBSERVATION","Sylvilagus palustris",-80.144028,26.479301,"cdround,gass84"
"393","HUMAN_OBSERVATION","Sylvilagus palustris",-81.865249,27.996412,"gass84"
"394","HUMAN_OBSERVATION","Sylvilagus palustris",-76.175371,35.455133,"cdround,gass84"
"395","HUMAN_OBSERVATION","Sylvilagus palustris",-80.142338,26.47766,"cdround,gass84"
"396","HUMAN_OBSERVATION","Sylvilagus palustris",-80.479377,25.660649,"cdround,gass84"
"397","HUMAN_OBSERVATION","Sylvilagus palustris",-80.14381,26.478833,"cdround,gass84"
"398","HUMAN_OBSERVATION","Sylvilagus palustris",-81.472607,30.462057,"cdround,gass84"
"399","HUMAN_OBSERVATION","Sylvilagus palustris",-81.482683,26.43284,"cdround,gass84"
"400","HUMAN_OBSERVATION","Sylvilagus palustris",-82.082505,26.443333,"cdround,gass84"
"401","HUMAN_OBSERVATION","Sylvilagus palustris",-81.881991,26.528054,"gass84"
"402","HUMAN_OBSERVATION","Sylvilagus palustris",-82.723846,28.305564,"cdround,gass84"
"403","HUMAN_OBSERVATION","Sylvilagus palustris",-82.388531,27.913175,"cdround,gass84"
"404","HUMAN_OBSERVATION","Sylvilagus palustris",-80.363069,26.12926,"gass84"
"405","HUMAN_OBSERVATION","Sylvilagus palustris",-81.465709,30.783617,"cdround,gass84"
"406","HUMAN_OBSERVATION","Sylvilagus palustris",-81.888977,26.40536,"cdround,gass84"
"407","HUMAN_OBSERVATION","Sylvilagus palustris",-82.082627,26.429569,"cdround,gass84"
"408","HUMAN_OBSERVATION","Sylvilagus palustris",-80.309481,25.606338,"cdround,gass84"
"409","HUMAN_OBSERVATION","Sylvilagus palustris",-82.287323,29.54608,"gass84"
"410","HUMAN_OBSERVATION","Sylvilagus palustris",-80.23396,26.631301,"gass84"
"411","HUMAN_OBSERVATION","Sylvilagus palustris",-75.565516,35.819484,"cdround,gass84"
"412","HUMAN_OBSERVATION","Sylvilagus palustris",-80.714353,32.236436,"gass84"
"413","HUMAN_OBSERVATION","Sylvilagus palustris",-77.805434,34.194251,"cdround,gass84"
"414","HUMAN_OBSERVATION","Sylvilagus palustris",-81.6,28.3,""
"415","HUMAN_OBSERVATION","Sylvilagus palustris",-80.14788,26.760989,"cdround,gass84"
"416","HUMAN_OBSERVATION","Sylvilagus palustris",-75.492272,35.715817,"cdround,gass84"
"417","HUMAN_OBSERVATION","Sylvilagus palustris",-76.523071,35.780899,"cdround,gass84"
"418","HUMAN_OBSERVATION","Sylvilagus palustris",-80.472017,27.823995,"cdround,gass84"
"419","HUMAN_OBSERVATION","Sylvilagus palustris",-80.716981,28.64776,"cdround,gass84"
"420","HUMAN_OBSERVATION","Sylvilagus palustris",-82.110271,26.430997,"cdround,gass84"
"421","HUMAN_OBSERVATION","Sylvilagus palustris",-82.117138,26.455282,"cdround,gass84"
"422","HUMAN_OBSERVATION","Sylvilagus palustris",-77.806356,34.193531,"cdround,gass84"
"423","HUMAN_OBSERVATION","Sylvilagus palustris",-81.300716,31.261824,"cdround,gass84"
"424","HUMAN_OBSERVATION","Sylvilagus palustris",-82.193663,26.528162,"cdround,gass84"
"425","HUMAN_OBSERVATION","Sylvilagus palustris",-82.67859,27.497983,"cdround,gass84"
"426","HUMAN_OBSERVATION","Sylvilagus palustris",-80.689905,32.38237,"cdround,gass84"
"427","HUMAN_OBSERVATION","Sylvilagus palustris",-81.591353,28.35922,"cdround,gass84"
"428","HUMAN_OBSERVATION","Sylvilagus palustris",-80.306454,32.679804,"cdround,gass84"
"429","HUMAN_OBSERVATION","Sylvilagus palustris",-80.238283,26.11231,"cdround,gass84"
"430","HUMAN_OBSERVATION","Sylvilagus palustris",-81.324853,28.56887,"cdround,gass84"
"431","HUMAN_OBSERVATION","Sylvilagus palustris",-81.403037,28.279698,"gass84"
"432","HUMAN_OBSERVATION","Sylvilagus palustris",-81.275472,28.259437,"cdround,gass84"
"433","HUMAN_OBSERVATION","Sylvilagus palustris",-81.276808,28.25927,"cdround,gass84"
"434","HUMAN_OBSERVATION","Sylvilagus palustris",-81.399679,28.289595,"cdround,gass84"
"435","HUMAN_OBSERVATION","Sylvilagus palustris",-81.400483,28.29107,"cdround,gass84"
"436","HUMAN_OBSERVATION","Sylvilagus palustris",-81.26975,28.260354,"cdround,gass84"
"437","HUMAN_OBSERVATION","Sylvilagus palustris",-81.461162,28.412947,"cdround,gass84"
"438","HUMAN_OBSERVATION","Sylvilagus palustris",-81.276755,28.259262,"cdround,gass84"
"439","HUMAN_OBSERVATION","Sylvilagus palustris",-81.398887,28.291713,"cdround,gass84"
"440","HUMAN_OBSERVATION","Sylvilagus palustris",-81.399555,28.291272,"cdround,gass84"
"441","HUMAN_OBSERVATION","Sylvilagus palustris",-81.39963,28.291263,"cdround,gass84"
"442","HUMAN_OBSERVATION","Sylvilagus palustris",-81.399088,28.291513,"cdround,gass84"
"443","HUMAN_OBSERVATION","Sylvilagus palustris",-81.399738,28.291238,"cdround,gass84"
"444","HUMAN_OBSERVATION","Sylvilagus palustris",-81.399362,28.291345,"cdround,gass84"
"445","HUMAN_OBSERVATION","Sylvilagus palustris",-81.45195,30.640866,"cdround,gass84"
"446","HUMAN_OBSERVATION","Sylvilagus palustris",-82.309609,30.829195,"cdround,gass84"
"447","HUMAN_OBSERVATION","Sylvilagus palustris",-81.588076,28.330347,"cdround,gass84"
"448","HUMAN_OBSERVATION","Sylvilagus palustris",-82.137184,26.466503,"gass84"
"449","HUMAN_OBSERVATION","Sylvilagus palustris",-81.258831,29.771679,"gass84"
"450","HUMAN_OBSERVATION","Sylvilagus palustris",-82.467271,27.297455,"cdround,gass84"
"451","HUMAN_OBSERVATION","Sylvilagus palustris",-77.921417,34.044328,"gass84"
"452","HUMAN_OBSERVATION","Sylvilagus palustris",-81.420207,31.158248,"gass84"
"453","HUMAN_OBSERVATION","Sylvilagus palustris",-82.114735,26.453188,"cdround,gass84"
"454","HUMAN_OBSERVATION","Sylvilagus palustris",-80.213181,26.496172,"gass84"
"455","HUMAN_OBSERVATION","Sylvilagus palustris",-81.59312,28.361609,"gass84"
"456","HUMAN_OBSERVATION","Sylvilagus palustris",-82.080168,26.431527,"gass84"
"457","HUMAN_OBSERVATION","Sylvilagus palustris",-81.714508,26.077734,"cdround,gass84"
"458","HUMAN_OBSERVATION","Sylvilagus palustris",-82.083921,26.429479,"gass84"
"459","HUMAN_OBSERVATION","Sylvilagus palustris",-82.327757,28.834717,"cdround,gass84"
"460","HUMAN_OBSERVATION","Sylvilagus palustris",-82.11113,26.447675,"cdround,gass84"
"461","HUMAN_OBSERVATION","Sylvilagus palustris",-80.89865,25.286615,"cdround,gass84"
"462","HUMAN_OBSERVATION","Sylvilagus palustris",-80.764979,28.226477,"gass84"
"463","HUMAN_OBSERVATION","Sylvilagus palustris",-80.142237,26.480308,"gass84"
"464","HUMAN_OBSERVATION","Sylvilagus palustris",-82.084801,26.431689,"gass84"
"465","HUMAN_OBSERVATION","Sylvilagus palustris",-81.759782,28.041033,"cdround,gass84"
"466","HUMAN_OBSERVATION","Sylvilagus palustris",-82.257983,26.68656,"cdround,gass84"
"467","HUMAN_OBSERVATION","Sylvilagus palustris",-88.112415,30.254257,"cdround,gass84"
"468","HUMAN_OBSERVATION","Sylvilagus palustris",-81.460651,28.412561,"cdround,gass84"
"469","HUMAN_OBSERVATION","Sylvilagus palustris",-87.416238,30.300872,"cdround,gass84"
"470","HUMAN_OBSERVATION","Sylvilagus palustris",-87.932684,30.66393,"gass84"
"471","HUMAN_OBSERVATION","Sylvilagus palustris",-75.818418,36.282931,"cdround,gass84"
"472","HUMAN_OBSERVATION","Sylvilagus palustris",-81.463483,28.409013,"cdround,gass84"
"473","HUMAN_OBSERVATION","Sylvilagus palustris",-80.143222,26.47775,"cdround,gass84"
"474","HUMAN_OBSERVATION","Sylvilagus palustris",-80.14243,26.479857,"cdround,gass84"
"475","HUMAN_OBSERVATION","Sylvilagus palustris",-80.15928,26.487198,"cdround,gass84"
"476","HUMAN_OBSERVATION","Sylvilagus palustris",-80.160713,26.485862,"cdround,gass84"
"477","HUMAN_OBSERVATION","Sylvilagus palustris",-81.469928,28.416068,"cdround,gass84"
"478","HUMAN_OBSERVATION","Sylvilagus palustris",-81.38036,25.8601,"gass84"
"479","HUMAN_OBSERVATION","Sylvilagus palustris",-82.735973,27.614105,"cdround,gass84"
"480","HUMAN_OBSERVATION","Sylvilagus palustris",-79.015518,35.888516,"cdround,gass84"
"481","HUMAN_OBSERVATION","Sylvilagus palustris",-82.015335,26.45278,"cdround,gass84"
"482","HUMAN_OBSERVATION","Sylvilagus palustris",-81.311869,28.825689,"cdround,gass84"
"483","HUMAN_OBSERVATION","Sylvilagus palustris",-75.493738,35.716667,"gass84"
"484","HUMAN_OBSERVATION","Sylvilagus palustris",-82.084888,26.429343,"cdround,gass84"
"485","HUMAN_OBSERVATION","Sylvilagus palustris",-81.591167,28.353082,"cdround,gass84"
"486","HUMAN_OBSERVATION","Sylvilagus palustris",-82.19046,26.52226,"cdround,gass84"
"487","HUMAN_OBSERVATION","Sylvilagus palustris",-81.410854,31.08835,"cdround,gass84"
"488","HUMAN_OBSERVATION","Sylvilagus palustris",-82.113191,26.45136,"cdround,gass84"
"489","HUMAN_OBSERVATION","Sylvilagus palustris",-80.184062,34.193652,"gass84"
"490","HUMAN_OBSERVATION","Sylvilagus palustris",-80.9222,25.1492,"gass84"
"491","HUMAN_OBSERVATION","Sylvilagus palustris",-80.930722,25.138661,"gass84"
"492","HUMAN_OBSERVATION","Sylvilagus palustris",-80.7641,25.7012,"gass84"
"493","PRESERVED_SPECIMEN","Sylvilagus palustris",-81.28585,28.481599,""
"494","HUMAN_OBSERVATION","Sylvilagus palustris",-80.665521,25.337622,"cdround,gass84"
"495","PRESERVED_SPECIMEN","Sylvilagus palustris",-75.6393452273329,35.9088643782263,"cdrep"
"496","PRESERVED_SPECIMEN","Sylvilagus palustris",-80.3883,25.1231,"gass84"
"497","PRESERVED_SPECIMEN","Sylvilagus palustris",-78.0323,33.9861,""
"498","PRESERVED_SPECIMEN","Sylvilagus palustris",-83.0351,29.1386,""
"499","PRESERVED_SPECIMEN","Sylvilagus palustris",-76.2522,35.9176,""
"500","PRESERVED_SPECIMEN","Sylvilagus palustris",-79.2199,34.5538,""
"501","PRESERVED_SPECIMEN","Sylvilagus palustris",-80.7660747106598,26.6974491934482,"cdrep"
"502","PRESERVED_SPECIMEN","Sylvilagus palustris",-85.134945,29.655687,"cdround"
"503","PRESERVED_SPECIMEN","Sylvilagus palustris",-78.4095,35.4337,""
"504","PRESERVED_SPECIMEN","Sylvilagus palustris",-80.3971665634785,27.6386143200672,"cdrep"
"505","PRESERVED_SPECIMEN","Sylvilagus palustris",-82.1266102835515,28.0133990701342,"cdrep"
"506","PRESERVED_SPECIMEN","Sylvilagus palustris",-82.4612188796361,28.151893732402,"cdrep"
"507","PRESERVED_SPECIMEN","Sylvilagus palustris",-81.949166,28.011323,""
"508","PRESERVED_SPECIMEN","Sylvilagus palustris",-77.3846,34.56,""
"509","PRESERVED_SPECIMEN","Sylvilagus palustris",-77.8827,34.0632,""
"510","PRESERVED_SPECIMEN","Sylvilagus palustris",-84.193345,30.700876,"cdround"
"511","PRESERVED_SPECIMEN","Sylvilagus palustris",-82.3803164477061,27.8648041707746,"cdrep"
"512","PRESERVED_SPECIMEN","Sylvilagus palustris",-80.67222,28.53889,""
"513","PRESERVED_SPECIMEN","Sylvilagus palustris",-82.325,29.56428,"gass84"
"514","PRESERVED_SPECIMEN","Sylvilagus palustris",-80.4016643886924,25.5473942527383,"cdrep"
"515","PRESERVED_SPECIMEN","Sylvilagus palustris",-84.387943,30.037337,"cdround"
"516","PRESERVED_SPECIMEN","Sylvilagus palustris",-80.2806619351251,26.0083762128654,"cdrep"
"517","PRESERVED_SPECIMEN","Sylvilagus palustris",-83.003619,29.195324,""
"518","PRESERVED_SPECIMEN","Sylvilagus palustris",-81.9541,28.0397,""
"519","PRESERVED_SPECIMEN","Sylvilagus palustris",-81.1603,27.5861,""
"520","PRESERVED_SPECIMEN","Sylvilagus palustris",-81.9155,26.5756,""
"521","PRESERVED_SPECIMEN","Sylvilagus palustris",-76.4452,35.4472,""
"522","PRESERVED_SPECIMEN","Sylvilagus palustris",-77.6167,34.3667,"gass84"
"523","PRESERVED_SPECIMEN","Sylvilagus palustris",-79.3461440887878,34.4006023834374,"cdrep"
"524","PRESERVED_SPECIMEN","Sylvilagus palustris",-82.3247174502145,29.651641840933,"cdrep"
"525","PRESERVED_SPECIMEN","Sylvilagus palustris",-78.2567,35.7399,""
"526","PRESERVED_SPECIMEN","Sylvilagus palustris",-81.7655011865401,27.9859004328753,"cdrep"
"527","PRESERVED_SPECIMEN","Sylvilagus palustris",-76.5711,34.729,""
"528","PRESERVED_SPECIMEN","Sylvilagus palustris",-82.5214286806349,34.6891035510743,"cdrep"
"529","PRESERVED_SPECIMEN","Sylvilagus palustris",-81.875332,26.669062,""
"530","PRESERVED_SPECIMEN","Sylvilagus palustris",-83.97889,30.720263,""
"531","PRESERVED_SPECIMEN","Sylvilagus palustris",-80.1432696738864,26.1223158931385,"cdrep"
"532","PRESERVED_SPECIMEN","Sylvilagus palustris",-80.1974592563151,25.4440985534504,"cdrep"
"533","PRESERVED_SPECIMEN","Sylvilagus palustris",-80.6919745190951,28.2030635939423,"cdrep"
"534","PRESERVED_SPECIMEN","Sylvilagus palustris",-81.120483772532,26.9231903043348,"cdrep"
"535","PRESERVED_SPECIMEN","Sylvilagus palustris",-80.9357790046289,26.7706462522093,"cdrep"
"536","PRESERVED_SPECIMEN","Sylvilagus palustris",-81.1204837813742,26.9305400271738,"cdrep"
"537","PRESERVED_SPECIMEN","Sylvilagus palustris",-81.0918831226902,26.9740284163009,"cdrep"
"538","PRESERVED_SPECIMEN","Sylvilagus palustris",-80.2781,25.95929,""
"539","PRESERVED_SPECIMEN","Sylvilagus palustris",-81.476491422984,25.995175542922,"cdrep"
"540","PRESERVED_SPECIMEN","Sylvilagus palustris",-80.4472,25.4479,""
"541","PRESERVED_SPECIMEN","Sylvilagus palustris",-81.1144835157974,26.8338436856655,"cdrep"
"542","PRESERVED_SPECIMEN","Sylvilagus palustris",-80.4603,25.0768,""
"543","PRESERVED_SPECIMEN","Sylvilagus palustris",-80.3662,25.1804,""
"544","PRESERVED_SPECIMEN","Sylvilagus palustris",-82.5758336769817,28.8036035773012,"cdrep"
"545","PRESERVED_SPECIMEN","Sylvilagus palustris",-79.0087,34.6182,""
"546","PRESERVED_SPECIMEN","Sylvilagus palustris",-81.0918831122784,26.9653187442254,"cdrep"
"547","PRESERVED_SPECIMEN","Sylvilagus palustris",-81.2773910142741,29.8275369065258,"cdrep"
"548","PRESERVED_SPECIMEN","Sylvilagus palustris",-80.2934,25.7076,""
"549","PRESERVED_SPECIMEN","Sylvilagus palustris",-81.688496583319,25.9374775638303,"cdrep"
"550","PRESERVED_SPECIMEN","Sylvilagus palustris",-82.2914766043945,29.6516418738656,"cdrep"
"551","PRESERVED_SPECIMEN","Sylvilagus palustris",-80.4812,25.7611,""
"552","PRESERVED_SPECIMEN","Sylvilagus palustris",-80.9426845625379,32.0491670682004,"cdrep"
"553","PRESERVED_SPECIMEN","Sylvilagus palustris",-82.226234,30.816062,""
"554","PRESERVED_SPECIMEN","Sylvilagus palustris",-80.925349,25.141791,""
"555","PRESERVED_SPECIMEN","Sylvilagus palustris",-82.0921072628451,26.4358578173136,"cdrep"
"556","PRESERVED_SPECIMEN","Sylvilagus palustris",-80.47944,25.4475,""
"557","PRESERVED_SPECIMEN","Sylvilagus palustris",-82.1629,30.7072,""
"558","PRESERVED_SPECIMEN","Sylvilagus palustris",-82.137175,30.706388,""
"559","PRESERVED_SPECIMEN","Sylvilagus palustris",-80.8,26.95,""
"560","PRESERVED_SPECIMEN","Sylvilagus palustris",-82.3459,30.7996,""
"561","PRESERVED_SPECIMEN","Sylvilagus palustris",-81.021639,25.14176,""
"562","PRESERVED_SPECIMEN","Sylvilagus palustris",-82.787324,27.909466,""
"563","PRESERVED_SPECIMEN","Sylvilagus palustris",-80.470573,27.816402,"cdround"
"564","PRESERVED_SPECIMEN","Sylvilagus palustris",-82.340462,30.805321,""
"565","PRESERVED_SPECIMEN","Sylvilagus palustris",-83.3066459041875,31.9920667985775,"cdrep"
"566","PRESERVED_SPECIMEN","Sylvilagus palustris",-84.5286,31.2558,""
"567","PRESERVED_SPECIMEN","Sylvilagus palustris",-81.552917,30.399538,"cdround,gass84"
"568","PRESERVED_SPECIMEN","Sylvilagus palustris",-81.266685,28.869167,"cdround,gass84"
"569","PRESERVED_SPECIMEN","Sylvilagus palustris",-83.137099,33.421523,""
"570","PRESERVED_SPECIMEN","Sylvilagus palustris",-83.70574,32.595424,""
"571","PRESERVED_SPECIMEN","Sylvilagus palustris",-80.458858,27.881738,""
"572","PRESERVED_SPECIMEN","Sylvilagus palustris",-80.463317,27.878721,""
"573","PRESERVED_SPECIMEN","Sylvilagus palustris",-82.324826,29.651634,""
"574","PRESERVED_SPECIMEN","Sylvilagus palustris",-80.833088,26.94088,""
"575","PRESERVED_SPECIMEN","Sylvilagus palustris",-80.488186,27.923493,""
"576","PRESERVED_SPECIMEN","Sylvilagus palustris",-80.488143,27.923057,""
"577","PRESERVED_SPECIMEN","Sylvilagus palustris",-80.466857,27.893476,""
"578","PRESERVED_SPECIMEN","Sylvilagus palustris",-80.500331,27.880579,""
"579","PRESERVED_SPECIMEN","Sylvilagus palustris",-79.785057,34.937931,""
"580","PRESERVED_SPECIMEN","Sylvilagus palustris",-82.592601,28.902479,""
"581","PRESERVED_SPECIMEN","Sylvilagus palustris",-82.429564,35.225394,""
"582","PRESERVED_SPECIMEN","Sylvilagus palustris",-82.324821,29.651646,"cdround,gass84"
"583","PRESERVED_SPECIMEN","Sylvilagus palustris",-80.500381,27.880602,"cdround,gass84"
"584","PRESERVED_SPECIMEN","Sylvilagus palustris",-81.655651,30.332184,""
"585","PRESERVED_SPECIMEN","Sylvilagus palustris",-81.697593,30.065241,""
"586","PRESERVED_SPECIMEN","Sylvilagus palustris",-76.68088,34.695685,"cdround"
"587","PRESERVED_SPECIMEN","Sylvilagus palustris",-82.5041195255242,27.8448047590023,"cdrep"
"588","MATERIAL_SAMPLE","Sylvilagus palustris",-80.36,32.56,"cudc,gass84"
"589","PRESERVED_SPECIMEN","Sylvilagus palustris",-83.274902,32.945377,""
"590","PRESERVED_SPECIMEN","Sylvilagus palustris",-79.974106,32.807877,"cdround"
"591","PRESERVED_SPECIMEN","Sylvilagus palustris",-81.433536,30.862816,""
"592","PRESERVED_SPECIMEN","Sylvilagus palustris",-80.998162,34.011866,""
"593","PRESERVED_SPECIMEN","Sylvilagus palustris",-81.561494,31.27245,""
"594","PRESERVED_SPECIMEN","Sylvilagus palustris",-81.448428,30.851069,""
"595","PRESERVED_SPECIMEN","Sylvilagus palustris",-80.57663,32.397694,"cdround,gass84"
"596","PRESERVED_SPECIMEN","Sylvilagus palustris",-80.7012,28.3003,""
"597","PRESERVED_SPECIMEN","Sylvilagus palustris",-79.1142,34.4968,""
