"","SpeciesSearched","Order","Scientific.Name","Environment","Taxon","OrigOccurrences","Occurrences","SA_Occur","Keys","Names","Family","Genus","Status","Species","Class"
"1","Puma_concolor","Mammalia","Puma concolor","Bio1,Bio12","Mammalia",82,27,27," 2435099","Puma concolor","Felidae","Puma",NA,"Puma_concolor","Mammalia"
"2","Myocastor coypus","Mammalia","Myocastor coypus","Bio1,Bio12","Mammalia",631,419,419," 4264680","Myocastor coypus","Myocastoridae","Myocastor",NA,"Myocastor_coypus","Mammalia"
"3","Sylvilagus aquaticus","Mammalia","Sylvilagus aquaticus","Bio6,Bio9,Bio14","Mammalia",307,211,211," 2436883","Sylvilagus aquaticus","Leporidae","Sylvilagus",NA,"Sylvilagus_aquaticus","Mammalia"
"4","Sylvilagus palustris","Mammalia","Sylvilagus palustris","Bio1,Bio6,Bio12","Mammalia",1023,779,779," 2436840","Sylvilagus palustris","Leporidae","Sylvilagus",NA,"Sylvilagus_palustris","Mammalia"
"5","Geomys pinetis","Mammalia","Geomys pinetis","Bio12,Bio14,Bio16,Bio8","Mammalia",1374,367,367," 2439377","Geomys pinetis","Geomyidae","Geomys",NA,"Geomys_pinetis","Mammalia"
"6","Glaucomys volans","Mammalia","Glaucomys volans","Bio6,Bio16","Mammalia",1491,407,407," 2437338","Glaucomys volans","Sciuridae","Glaucomys",NA,"Glaucomys_volans","Mammalia"
