"","basisOfRecord","species","decimalLongitude","decimalLatitude","issues"
"1","HUMAN_OBSERVATION","Myocastor coypus",-90.210909,29.918539,"cdround,gass84"
"2","HUMAN_OBSERVATION","Myocastor coypus",-90.125762,29.792223,"cdround,gass84"
"3","HUMAN_OBSERVATION","Myocastor coypus",-88.78706,30.514262,"cdround,gass84"
"4","HUMAN_OBSERVATION","Myocastor coypus",-83.606347,32.836978,"cdround,gass84"
"5","HUMAN_OBSERVATION","Myocastor coypus",-87.933108,30.66227,"cdround,gass84"
"6","HUMAN_OBSERVATION","Myocastor coypus",-88.791504,30.39183,"cdround,gass84"
"7","HUMAN_OBSERVATION","Myocastor coypus",-90.036377,30.350971,"cdround,gass84"
"8","HUMAN_OBSERVATION","Myocastor coypus",-87.920704,30.62858,"cdround,gass84"
"9","HUMAN_OBSERVATION","Myocastor coypus",-89.631657,30.490411,"cdround,gass84"
"10","HUMAN_OBSERVATION","Myocastor coypus",-91.164115,30.418988,"cdround,gass84"
"11","HUMAN_OBSERVATION","Myocastor coypus",-91.163119,30.423358,"cdround,gass84"
"12","HUMAN_OBSERVATION","Myocastor coypus",-88.834817,30.431259,"gass84"
"13","HUMAN_OBSERVATION","Myocastor coypus",-90.129982,34.1031,"cdround,gass84"
"14","HUMAN_OBSERVATION","Myocastor coypus",-91.385299,30.771341,"cdround,gass84"
"15","HUMAN_OBSERVATION","Myocastor coypus",-82.110552,30.09492,"cdround,gass84"
"16","HUMAN_OBSERVATION","Myocastor coypus",-91.168258,30.424058,"cdround,gass84"
"17","HUMAN_OBSERVATION","Myocastor coypus",-76.621595,34.714378,"cdround,gass84"
"18","HUMAN_OBSERVATION","Myocastor coypus",-91.168067,30.423978,"cdround,gass84"
"19","HUMAN_OBSERVATION","Myocastor coypus",-90.23117,35.35932,"cdround,gass84"
"20","HUMAN_OBSERVATION","Myocastor coypus",-90.081308,30.412721,"cdround,gass84"
"21","HUMAN_OBSERVATION","Myocastor coypus",-91.102743,30.385762,"cdround,gass84"
"22","HUMAN_OBSERVATION","Myocastor coypus",-91.105719,29.68562,"cdround,gass84"
"23","HUMAN_OBSERVATION","Myocastor coypus",-91.168683,30.430988,"cdround,gass84"
"24","HUMAN_OBSERVATION","Myocastor coypus",-81.639858,30.254025,"cdround,gass84"
"25","HUMAN_OBSERVATION","Myocastor coypus",-91.166264,30.424499,"cdround,gass84"
"26","HUMAN_OBSERVATION","Myocastor coypus",-88.795637,30.503557,"cdround,gass84"
"27","HUMAN_OBSERVATION","Myocastor coypus",-88.541944,30.415736,"cdround,gass84"
"28","HUMAN_OBSERVATION","Myocastor coypus",-76.181432,35.499605,"cdround,gass84"
"29","HUMAN_OBSERVATION","Myocastor coypus",-90.08042,30.413399,"cdround,gass84"
"30","HUMAN_OBSERVATION","Myocastor coypus",-89.956141,30.26608,"cdround,gass84"
"31","HUMAN_OBSERVATION","Myocastor coypus",-90.475862,29.529511,"cdround,gass84"
"32","HUMAN_OBSERVATION","Myocastor coypus",-91.160386,30.424663,"cdround,gass84"
"33","HUMAN_OBSERVATION","Myocastor coypus",-91.165389,30.427753,"cdround,gass84"
"34","HUMAN_OBSERVATION","Myocastor coypus",-90.419144,30.011143,"cdround,gass84"
"35","HUMAN_OBSERVATION","Myocastor coypus",-91.165392,30.427878,"cdround,gass84"
"36","HUMAN_OBSERVATION","Myocastor coypus",-91.118976,30.532098,"cdround,gass84"
"37","HUMAN_OBSERVATION","Myocastor coypus",-78.689019,35.720441,"cdround,gass84"
"38","HUMAN_OBSERVATION","Myocastor coypus",-90.421659,30.010625,"gass84"
"39","HUMAN_OBSERVATION","Myocastor coypus",-91.913206,30.334897,"cdround,gass84"
"40","HUMAN_OBSERVATION","Myocastor coypus",-90.05601,30.137109,"cdround,gass84"
"41","HUMAN_OBSERVATION","Myocastor coypus",-91.897163,30.206428,"cdround,gass84"
"42","HUMAN_OBSERVATION","Myocastor coypus",-90.13112,34.108807,"cdround,gass84"
"43","HUMAN_OBSERVATION","Myocastor coypus",-91.904954,30.21004,"cdround,gass84"
"44","HUMAN_OBSERVATION","Myocastor coypus",-77.924248,34.240643,"cdround,gass84"
"45","HUMAN_OBSERVATION","Myocastor coypus",-77.360867,35.623169,"cdround,gass84"
"46","HUMAN_OBSERVATION","Myocastor coypus",-91.166936,30.429024,"cdround,gass84"
"47","HUMAN_OBSERVATION","Myocastor coypus",-77.357762,36.117036,"cdround,gass84"
"48","HUMAN_OBSERVATION","Myocastor coypus",-87.427193,30.308094,"cdround,gass84"
"49","HUMAN_OBSERVATION","Myocastor coypus",-90.13253,34.10666,"gass84"
"50","HUMAN_OBSERVATION","Myocastor coypus",-77.360422,35.620757,"gass84"
"51","HUMAN_OBSERVATION","Myocastor coypus",-88.571517,30.329006,"cdround,gass84"
"52","HUMAN_OBSERVATION","Myocastor coypus",-91.168736,30.430976,"cdround,gass84"
"53","HUMAN_OBSERVATION","Myocastor coypus",-88.79768,30.392226,"cdround,gass84"
"54","UNKNOWN","Myocastor coypus",-87.44253,30.30451,"gass84"
"55","HUMAN_OBSERVATION","Myocastor coypus",-88.804769,30.505302,"cdround,gass84"
"56","HUMAN_OBSERVATION","Myocastor coypus",-75.985836,35.107923,"cdround,gass84"
"57","HUMAN_OBSERVATION","Myocastor coypus",-88.798928,30.392486,"cdround,gass84"
"58","HUMAN_OBSERVATION","Myocastor coypus",-75.529391,35.230427,"cdround,gass84"
"59","HUMAN_OBSERVATION","Myocastor coypus",-75.985938,35.10852,"cdround,gass84"
"60","HUMAN_OBSERVATION","Myocastor coypus",-78.231497,35.015681,"cdround,gass84"
"61","HUMAN_OBSERVATION","Myocastor coypus",-91.173583,30.408975,"cdround,gass84"
"62","HUMAN_OBSERVATION","Myocastor coypus",-91.19429,30.420425,"cdround,gass84"
"63","HUMAN_OBSERVATION","Myocastor coypus",-90.081505,30.412717,"cdround,gass84"
"64","HUMAN_OBSERVATION","Myocastor coypus",-90.142617,34.11313,"cdround,gass84"
"65","HUMAN_OBSERVATION","Myocastor coypus",-88.671317,30.360669,"cdround,gass84"
"66","HUMAN_OBSERVATION","Myocastor coypus",-87.962875,30.67407,"gass84"
"67","HUMAN_OBSERVATION","Myocastor coypus",-90.909919,30.165603,"cdround,gass84"
"68","HUMAN_OBSERVATION","Myocastor coypus",-91.168343,30.429186,"cdround,gass84"
"69","HUMAN_OBSERVATION","Myocastor coypus",-89.979088,29.958033,"cdround,gass84"
"70","HUMAN_OBSERVATION","Myocastor coypus",-76.199788,35.457266,"cdround,gass84"
"71","HUMAN_OBSERVATION","Myocastor coypus",-89.267422,31.321767,"cdround,gass84"
"72","HUMAN_OBSERVATION","Myocastor coypus",-76.9697,35.353626,"cdround,gass84"
"73","HUMAN_OBSERVATION","Myocastor coypus",-91.453135,31.42599,"cdround,gass84"
"74","HUMAN_OBSERVATION","Myocastor coypus",-90.162047,33.758077,"cdround,gass84"
"75","HUMAN_OBSERVATION","Myocastor coypus",-90.379687,29.997157,"cdround,gass84"
"76","HUMAN_OBSERVATION","Myocastor coypus",-76.182127,35.462447,"cdround,gass84"
"77","HUMAN_OBSERVATION","Myocastor coypus",-91.270958,31.151778,"cdround,gass84"
"78","HUMAN_OBSERVATION","Myocastor coypus",-77.029786,35.045004,"cdround,gass84"
"79","HUMAN_OBSERVATION","Myocastor coypus",-90.16241,33.760283,"cdround,gass84"
"80","HUMAN_OBSERVATION","Myocastor coypus",-87.889786,32.626366,"cdround,gass84"
"81","HUMAN_OBSERVATION","Myocastor coypus",-90.134143,34.108762,"cdround,gass84"
"82","HUMAN_OBSERVATION","Myocastor coypus",-77.359161,35.620388,"cdround,gass84"
"83","HUMAN_OBSERVATION","Myocastor coypus",-90.92028,30.1675,"cdround,gass84"
"84","HUMAN_OBSERVATION","Myocastor coypus",-90.831221,31.414168,"cdround,gass84"
"85","HUMAN_OBSERVATION","Myocastor coypus",-89.917673,30.283479,"cdround,gass84"
"86","HUMAN_OBSERVATION","Myocastor coypus",-91.899872,30.203834,"cdround,gass84"
"87","HUMAN_OBSERVATION","Myocastor coypus",-91.053298,30.45994,"cdround,gass84"
"88","HUMAN_OBSERVATION","Myocastor coypus",-90.121903,29.78824,"cdround,gass84"
"89","HUMAN_OBSERVATION","Myocastor coypus",-90.210437,29.997017,"cdround,gass84"
"90","HUMAN_OBSERVATION","Myocastor coypus",-90.143403,34.113115,"cdround,gass84"
"91","HUMAN_OBSERVATION","Myocastor coypus",-90.130085,34.101362,"cdround,gass84"
"92","HUMAN_OBSERVATION","Myocastor coypus",-91.697855,30.106802,"cdround,gass84"
"93","HUMAN_OBSERVATION","Myocastor coypus",-88.790311,30.379433,"cdround,gass84"
"94","HUMAN_OBSERVATION","Myocastor coypus",-81.589939,30.23846,"cdround,gass84"
"95","HUMAN_OBSERVATION","Myocastor coypus",-83.905742,31.962252,"cdround,gass84"
"96","HUMAN_OBSERVATION","Myocastor coypus",-81.618417,30.387303,"cdround,gass84"
"97","HUMAN_OBSERVATION","Myocastor coypus",-91.179314,30.369024,"cdround,gass84"
"98","HUMAN_OBSERVATION","Myocastor coypus",-75.493694,35.716684,"cdround,gass84"
"99","HUMAN_OBSERVATION","Myocastor coypus",-81.57104,29.694354,"cdround,gass84"
"100","HUMAN_OBSERVATION","Myocastor coypus",-90.113511,34.788466,"cdround,gass84"
"101","HUMAN_OBSERVATION","Myocastor coypus",-90.101745,35.864018,"cdround,gass84"
"102","HUMAN_OBSERVATION","Myocastor coypus",-81.719678,30.190311,"cdround,gass84"
"103","HUMAN_OBSERVATION","Myocastor coypus",-90.210561,29.997066,"cdround,gass84"
"104","HUMAN_OBSERVATION","Myocastor coypus",-91.171114,30.411393,"cdround,gass84"
"105","HUMAN_OBSERVATION","Myocastor coypus",-78.942545,33.669033,"gass84"
"106","HUMAN_OBSERVATION","Myocastor coypus",-76.06089,35.506802,"cdround,gass84"
"107","HUMAN_OBSERVATION","Myocastor coypus",-75.498586,35.713269,"cdround,gass84"
"108","HUMAN_OBSERVATION","Myocastor coypus",-88.624815,30.407032,"cdround,gass84"
"109","HUMAN_OBSERVATION","Myocastor coypus",-90.092959,30.001816,"cdround,gass84"
"110","HUMAN_OBSERVATION","Myocastor coypus",-76.08212,35.484742,"cdround,gass84"
"111","HUMAN_OBSERVATION","Myocastor coypus",-89.468488,34.664892,"cdround,gass84"
"112","HUMAN_OBSERVATION","Myocastor coypus",-76.152119,35.463376,"gass84"
"113","HUMAN_OBSERVATION","Myocastor coypus",-75.502219,35.712613,"cdround,gass84"
"114","HUMAN_OBSERVATION","Myocastor coypus",-76.12369,35.47892,"gass84"
"115","HUMAN_OBSERVATION","Myocastor coypus",-75.494937,35.715325,"cdround,gass84"
"116","HUMAN_OBSERVATION","Myocastor coypus",-90.441459,30.002345,"cdround,gass84"
"117","HUMAN_OBSERVATION","Myocastor coypus",-90.143075,33.768271,"cdround,gass84"
"118","HUMAN_OBSERVATION","Myocastor coypus",-90.210663,29.997271,"cdround,gass84"
"119","HUMAN_OBSERVATION","Myocastor coypus",-90.123681,29.806669,"gass84"
"120","HUMAN_OBSERVATION","Myocastor coypus",-90.123783,29.806642,"cdround,gass84"
"121","HUMAN_OBSERVATION","Myocastor coypus",-90.125463,29.92722,"gass84"
"122","HUMAN_OBSERVATION","Myocastor coypus",-91.897063,30.20565,"cdround,gass84"
"123","HUMAN_OBSERVATION","Myocastor coypus",-90.365698,29.9944,"cdround,gass84"
"124","HUMAN_OBSERVATION","Myocastor coypus",-77.46888,35.429218,"gass84"
"125","HUMAN_OBSERVATION","Myocastor coypus",-77.468309,35.427914,"gass84"
"126","HUMAN_OBSERVATION","Myocastor coypus",-88.586411,30.295499,"cdround,gass84"
"127","HUMAN_OBSERVATION","Myocastor coypus",-76.204058,35.460652,"cdround,gass84"
"128","HUMAN_OBSERVATION","Myocastor coypus",-87.932803,30.661915,"gass84"
"129","HUMAN_OBSERVATION","Myocastor coypus",-87.932921,30.661451,"gass84"
"130","HUMAN_OBSERVATION","Myocastor coypus",-90.21482,29.998566,"cdround,gass84"
"131","HUMAN_OBSERVATION","Myocastor coypus",-75.46791,35.573091,"gass84"
"132","HUMAN_OBSERVATION","Myocastor coypus",-91.18331,30.458651,"gass84"
"133","HUMAN_OBSERVATION","Myocastor coypus",-90.12352,29.776422,"gass84"
"134","HUMAN_OBSERVATION","Myocastor coypus",-88.707524,30.373645,"cdround,gass84"
"135","HUMAN_OBSERVATION","Myocastor coypus",-88.676791,30.357842,"cdround,gass84"
"136","HUMAN_OBSERVATION","Myocastor coypus",-90.211959,29.998949,"cdround,gass84"
"137","HUMAN_OBSERVATION","Myocastor coypus",-75.77625,36.220341,"cdround,gass84"
"138","HUMAN_OBSERVATION","Myocastor coypus",-91.18476,30.460491,"cdround,gass84"
"139","HUMAN_OBSERVATION","Myocastor coypus",-76.278396,35.476252,"cdround,gass84"
"140","HUMAN_OBSERVATION","Myocastor coypus",-91.186092,30.460853,"cdround,gass84"
"141","PRESERVED_SPECIMEN","Myocastor coypus",-89.20833,35.50028,"rdatm"
"142","HUMAN_OBSERVATION","Myocastor coypus",-91.998466,30.213359,"gass84"
"143","HUMAN_OBSERVATION","Myocastor coypus",-88.706939,30.374467,"cdround,gass84"
"144","HUMAN_OBSERVATION","Myocastor coypus",-76.181128,35.451497,"cdround,gass84"
"145","HUMAN_OBSERVATION","Myocastor coypus",-76.205292,35.518814,"cdround,gass84"
"146","HUMAN_OBSERVATION","Myocastor coypus",-81.706484,30.166074,"cdround,gass84"
"147","UNKNOWN","Myocastor coypus",-90.735917,29.541174,"gass84"
"148","UNKNOWN","Myocastor coypus",-89.781399,29.572751,"gass84"
"149","UNKNOWN","Myocastor coypus",-90.576486,29.624247,"gass84"
"150","UNKNOWN","Myocastor coypus",-91.367184,29.742426,"gass84"
"151","UNKNOWN","Myocastor coypus",-89.89026,29.922088,"gass84"
"152","UNKNOWN","Myocastor coypus",-91.054794,29.9269,"gass84"
"153","UNKNOWN","Myocastor coypus",-90.1514,29.935238,"gass84"
"154","UNKNOWN","Myocastor coypus",-90.396386,29.942367,"gass84"
"155","UNKNOWN","Myocastor coypus",-91.799903,29.978573,"gass84"
"156","UNKNOWN","Myocastor coypus",-90.059011,29.972754,"gass84"
"157","UNKNOWN","Myocastor coypus",-90.758029,30.024711,"gass84"
"158","UNKNOWN","Myocastor coypus",-90.531326,30.065243,"gass84"
"159","UNKNOWN","Myocastor coypus",-91.782123,30.186267,"gass84"
"160","UNKNOWN","Myocastor coypus",-90.940966,30.203822,"gass84"
"161","UNKNOWN","Myocastor coypus",-91.287188,30.275168,"gass84"
"162","UNKNOWN","Myocastor coypus",-89.930622,30.398425,"gass84"
"163","UNKNOWN","Myocastor coypus",-91.263053,30.452085,"gass84"
"164","UNKNOWN","Myocastor coypus",-90.803639,30.473924,"gass84"
"165","UNKNOWN","Myocastor coypus",-90.462949,30.607405,"gass84"
"166","UNKNOWN","Myocastor coypus",-81.5801,30.2208,"gass84"
"167","UNKNOWN","Myocastor coypus",-81.6543,30.3074,"gass84"
"168","UNKNOWN","Myocastor coypus",-90.104,29.6356,"gass84"
"169","UNKNOWN","Myocastor coypus",-89.8856,30.0192,"gass84"
"170","UNKNOWN","Myocastor coypus",-89.9375,30.2708,"gass84"
"171","UNKNOWN","Myocastor coypus",-90.5625,32.8125,"gass84"
"172","UNKNOWN","Myocastor coypus",-91.8058,32.8308,"gass84"
"173","UNKNOWN","Myocastor coypus",-90.9856,33.0942,"gass84"
"174","UNKNOWN","Myocastor coypus",-91.3292,35.0583,"gass84"
"175","UNKNOWN","Myocastor coypus",-91.567419,35.266067,"gass84"
"176","UNKNOWN","Myocastor coypus",-76.2792,35.3431,"gass84"
"177","UNKNOWN","Myocastor coypus",-90.2136,35.3342,"gass84"
"178","UNKNOWN","Myocastor coypus",-76.2847,35.4797,"gass84"
"179","UNKNOWN","Myocastor coypus",-89.85,35.6,"gass84"
"180","UNKNOWN","Myocastor coypus",-76.555481,35.724218,"gass84"
"181","UNKNOWN","Myocastor coypus",-89.6333,35.8167,"gass84"
"182","UNKNOWN","Myocastor coypus",-77.038965,35.85984,"gass84"
"183","UNKNOWN","Myocastor coypus",-90.1106,35.9022,"gass84"
"184","UNKNOWN","Myocastor coypus",-89.4203,36.3031,"gass84"
"185","UNKNOWN","Myocastor coypus",-89.39,36.4,"gass84"
"186","UNKNOWN","Myocastor coypus",-90.3333,29.8333,"gass84"
"187","UNKNOWN","Myocastor coypus",-90.1556,29.84187,"gass84"
"188","UNKNOWN","Myocastor coypus",-82.412079,27.966349,"gass84"
"189","UNKNOWN","Myocastor coypus",-82.114602,29.142855,"gass84"
"190","UNKNOWN","Myocastor coypus",-81.758508,29.597982,"gass84"
"191","UNKNOWN","Myocastor coypus",-82.379953,29.676436,"gass84"
"192","UNKNOWN","Myocastor coypus",-89.64839,30.161308,"cdround,gass84"
"193","PRESERVED_SPECIMEN","Myocastor coypus",-90.07288,35.254057,""
"194","PRESERVED_SPECIMEN","Myocastor coypus",-90.3415241128513,30.2930076455105,"cdrep"
"195","UNKNOWN","Myocastor coypus",-89.3573,29.276816,"gass84"
"196","PRESERVED_SPECIMEN","Myocastor coypus",-91.3839521214368,30.675192955332,"cdrep"
"197","UNKNOWN","Myocastor coypus",-90.9193,29.7281,"gass84"
"198","UNKNOWN","Myocastor coypus",-90.6898,30.047424,"cdround,gass84"
"199","UNKNOWN","Myocastor coypus",-90.8141,30.162,"gass84"
"200","PRESERVED_SPECIMEN","Myocastor coypus",-91.169945812267,30.4272013812327,"cdrep"
"201","PRESERVED_SPECIMEN","Myocastor coypus",-90.4119250289606,29.9992170400076,"cdrep"
"202","PRESERVED_SPECIMEN","Myocastor coypus",-91.0369419619065,30.2912060780018,"cdrep"
"203","PRESERVED_SPECIMEN","Myocastor coypus",-90.099916249227,29.7332265174203,"cdrep"
"204","PRESERVED_SPECIMEN","Myocastor coypus",-90.1339171451287,29.7422261424606,"cdrep"
"205","PRESERVED_SPECIMEN","Myocastor coypus",-91.8459603067829,29.5662279176845,"cdrep"
"206","PRESERVED_SPECIMEN","Myocastor coypus",-91.4999520797275,29.7502226546837,"cdrep"
"207","PRESERVED_SPECIMEN","Myocastor coypus",-90.1079162563097,29.6662287258897,"cdrep"
"208","UNKNOWN","Myocastor coypus",-91.1667,29.883537,"cdround,gass84"
"209","PRESERVED_SPECIMEN","Myocastor coypus",-90.8609384271874,30.6031964996794,"cdrep"
"210","PRESERVED_SPECIMEN","Myocastor coypus",-89.8219106699668,30.2602098689177,"cdrep"
"211","PRESERVED_SPECIMEN","Myocastor coypus",-91.1759458795648,30.4002022333281,"cdrep"
"212","PRESERVED_SPECIMEN","Myocastor coypus",-90.9309400193869,30.5371984354748,"cdrep"
"213","PRESERVED_SPECIMEN","Myocastor coypus",-90.8229350589193,29.8392213448715,"cdrep"
"214","PRESERVED_SPECIMEN","Myocastor coypus",-89.9559141174718,30.2622095083977,"cdrep"
"215","PRESERVED_SPECIMEN","Myocastor coypus",-91.1759458956465,30.4052020727598,"cdrep"
"216","PRESERVED_SPECIMEN","Myocastor coypus",-91.7309610923471,30.6871917148607,"cdrep"
"217","PRESERVED_SPECIMEN","Myocastor coypus",-91.2259470026292,30.3502037201708,"cdrep"
"218","PRESERVED_SPECIMEN","Myocastor coypus",-90.8929369740228,29.8792198602033,"cdrep"
"219","PRESERVED_SPECIMEN","Myocastor coypus",-91.1869463070259,30.4452007630595,"cdrep"
"220","UNKNOWN","Myocastor coypus",-90.257921,33.05313,"gass84"
"221","PRESERVED_SPECIMEN","Myocastor coypus",-75.4911,35.6903,""
"222","PRESERVED_SPECIMEN","Myocastor coypus",-91.8609630421633,30.2732046317894,"cdrep"
"223","PRESERVED_SPECIMEN","Myocastor coypus",-88.8492,30.3756,"gass84"
"224","PRESERVED_SPECIMEN","Myocastor coypus",-91.198608,33.65181,"cdround"
"225","UNKNOWN","Myocastor coypus",-91.785346,33.18542,"gass84"
"226","UNKNOWN","Myocastor coypus",-91.309446,33.309088,"gass84"
"227","UNKNOWN","Myocastor coypus",-91.735642,33.600602,"gass84"
"228","UNKNOWN","Myocastor coypus",-91.350302,33.789358,"gass84"
"229","UNKNOWN","Myocastor coypus",-91.709049,33.978821,"gass84"
"230","UNKNOWN","Myocastor coypus",-91.987152,34.243795,"gass84"
"231","UNKNOWN","Myocastor coypus",-91.429413,34.359997,"gass84"
"232","UNKNOWN","Myocastor coypus",-90.761973,34.468372,"gass84"
"233","UNKNOWN","Myocastor coypus",-91.207816,34.732843,"gass84"
"234","UNKNOWN","Myocastor coypus",-90.76396,34.780126,"gass84"
"235","UNKNOWN","Myocastor coypus",-91.912157,34.77905,"gass84"
"236","UNKNOWN","Myocastor coypus",-91.534077,34.807983,"gass84"
"237","UNKNOWN","Myocastor coypus",-90.708841,35.015874,"gass84"
"238","UNKNOWN","Myocastor coypus",-90.2728,35.197701,"gass84"
"239","UNKNOWN","Myocastor coypus",-91.24409,35.196189,"gass84"
"240","UNKNOWN","Myocastor coypus",-91.730562,35.250106,"gass84"
"241","UNKNOWN","Myocastor coypus",-90.786115,35.279599,"gass84"
"242","UNKNOWN","Myocastor coypus",-90.603918,35.587012,"gass84"
"243","UNKNOWN","Myocastor coypus",-91.227582,35.613258,"gass84"
"244","UNKNOWN","Myocastor coypus",-91.587049,35.757476,"gass84"
"245","UNKNOWN","Myocastor coypus",-90.030415,35.806751,"gass84"
"246","UNKNOWN","Myocastor coypus",-90.631993,35.828198,"gass84"
"247","UNKNOWN","Myocastor coypus",-91.071214,36.070597,"gass84"
"248","UNKNOWN","Myocastor coypus",-90.513709,36.098211,"gass84"
"249","UNKNOWN","Myocastor coypus",-90.988939,36.315472,"gass84"
"250","UNKNOWN","Myocastor coypus",-90.40057,36.364388,"gass84"
"251","PRESERVED_SPECIMEN","Myocastor coypus",-89.7239079850298,30.2022119621962,"cdrep"
"252","PRESERVED_SPECIMEN","Myocastor coypus",-91.9539665307953,30.5991939436939,"cdrep"
"253","PRESERVED_SPECIMEN","Myocastor coypus",-91.8429618819711,30.0642114674284,"cdrep"
"254","PRESERVED_SPECIMEN","Myocastor coypus",-89.1598905166368,29.1152493644022,"cdrep"
"255","UNKNOWN","Myocastor coypus",-82.471361,27.962263,"gass84"
"256","UNKNOWN","Myocastor coypus",-81.758303,27.992436,"gass84"
"257","UNKNOWN","Myocastor coypus",-82.5049,28.0365,"gass84"
"258","PRESERVED_SPECIMEN","Myocastor coypus",-91.5029545772633,30.4911985182117,"cdrep"
"259","PRESERVED_SPECIMEN","Myocastor coypus",-91.0949433229605,30.2512072318156,"cdrep"
"260","PRESERVED_SPECIMEN","Myocastor coypus",-91.09494309036,30.1782095980148,"cdrep"
"261","PRESERVED_SPECIMEN","Myocastor coypus",-91.0949430648909,30.1702098578399,"cdrep"
"262","PRESERVED_SPECIMEN","Myocastor coypus",-89.937912962723,30.0262172252408,"cdrep"
"263","PRESERVED_SPECIMEN","Myocastor coypus",-91.1279446625783,30.4052021885779,"cdrep"
"264","PRESERVED_SPECIMEN","Myocastor coypus",-91.9059629396891,29.8982167507072,"cdrep"
"265","PRESERVED_SPECIMEN","Myocastor coypus",-91.0659408006028,29.6892257356487,"cdrep"
"266","PRESERVED_SPECIMEN","Myocastor coypus",-90.9219382956782,30.0642137235136,"cdrep"
"267","PRESERVED_SPECIMEN","Myocastor coypus",-91.8059607785881,30.0172130972078,"cdrep"
"268","PRESERVED_SPECIMEN","Myocastor coypus",-91.4359535455844,30.7011920046049,"cdrep"
"269","PRESERVED_SPECIMEN","Myocastor coypus",-91.7949602747555,29.9502153212904,"cdrep"
"270","PRESERVED_SPECIMEN","Myocastor coypus",-91.7079590125743,30.2412060517133,"cdrep"
"271","PRESERVED_SPECIMEN","Myocastor coypus",-91.8039599947662,29.7962203739729,"cdrep"
"272","PRESERVED_SPECIMEN","Myocastor coypus",-89.5659017252234,29.4262379541627,"cdrep"
"273","PRESERVED_SPECIMEN","Myocastor coypus",-91.9239634632214,29.9172160799387,"cdrep"
"274","PRESERVED_SPECIMEN","Myocastor coypus",-91.6159578530448,30.6031946671468,"cdrep"
"275","PRESERVED_SPECIMEN","Myocastor coypus",-91.6369585497773,30.6501931223476,"cdrep"
"276","PRESERVED_SPECIMEN","Myocastor coypus",-89.7339062826698,29.5212343978987,"cdrep"
"277","PRESERVED_SPECIMEN","Myocastor coypus",-91.9909661182957,30.197206763036,"cdrep"
"278","PRESERVED_SPECIMEN","Myocastor coypus",-91.5539582325722,31.1951762832842,"cdrep"
"279","UNKNOWN","Myocastor coypus",-82.2859,27.937801,"gass84"
"280","UNKNOWN","Myocastor coypus",-82.458427,27.947522,"cdround,gass84"
"281","PRESERVED_SPECIMEN","Myocastor coypus",-91.1679457190749,30.4142018031669,"cdrep"
"282","PRESERVED_SPECIMEN","Myocastor coypus",-90.955940402129,30.4552009970328,"cdrep"
"283","UNKNOWN","Myocastor coypus",-80.454056,27.695124,"gass84"
"284","PRESERVED_SPECIMEN","Myocastor coypus",-90.9559404560636,30.4722004527625,"cdrep"
"285","PRESERVED_SPECIMEN","Myocastor coypus",-91.1759459149467,30.4112018801307,"cdrep"
"286","PRESERVED_SPECIMEN","Myocastor coypus",-91.3109507261668,30.823188463442,"cdrep"
"287","PRESERVED_SPECIMEN","Myocastor coypus",-91.2099467239063,30.3912024401876,"cdrep"
"288","PRESERVED_SPECIMEN","Myocastor coypus",-91.1759459245978,30.4142017838378,"cdrep"
"289","PRESERVED_SPECIMEN","Myocastor coypus",-90.8759374931062,30.1842099257063,"cdrep"
"290","UNKNOWN","Myocastor coypus",-89.462457,30.358127,"gass84"
"291","UNKNOWN","Myocastor coypus",-89.129526,30.796,"gass84"
"292","UNKNOWN","Myocastor coypus",-90.266224,33.564765,"gass84"
"293","PRESERVED_SPECIMEN","Myocastor coypus",-91.1459427393191,29.6562266411615,"cdrep"
"294","PRESERVED_SPECIMEN","Myocastor coypus",-89.8489107628217,30.0542165064749,"cdrep"
"295","PRESERVED_SPECIMEN","Myocastor coypus",-89.7669087152592,30.0732160660419,"cdrep"
"296","PRESERVED_SPECIMEN","Myocastor coypus",-90.539167,29.645833,"cdround"
"297","PRESERVED_SPECIMEN","Myocastor coypus",-91.8039600410718,29.810219911035,"cdrep"
"298","PRESERVED_SPECIMEN","Myocastor coypus",-89.9289105658575,29.2812420556223,"cdrep"
"299","PRESERVED_SPECIMEN","Myocastor coypus",-89.1738919099782,29.4942365041101,"cdrep"
"300","UNKNOWN","Myocastor coypus",-82.9336,30.5075,"gass84"
"301","PRESERVED_SPECIMEN","Myocastor coypus",-91.1249411588041,29.3242378321401,"cdrep"
"302","PRESERVED_SPECIMEN","Myocastor coypus",-91.1749458474459,30.3982022999833,"cdrep"
"303","PRESERVED_SPECIMEN","Myocastor coypus",-90.8919384099728,30.3452046820168,"cdrep"
"304","PRESERVED_SPECIMEN","Myocastor coypus",-91.831962054349,30.2002070688038,"cdrep"
"305","PRESERVED_SPECIMEN","Myocastor coypus",-91.9119652274179,30.5331961527588,"cdrep"
"306","PRESERVED_SPECIMEN","Myocastor coypus",-91.1639456516765,30.4252014598768,"cdrep"
"307","PRESERVED_SPECIMEN","Myocastor coypus",-91.1819459532723,30.3752030222661,"cdrep"
"308","PRESERVED_SPECIMEN","Myocastor coypus",-90.2769216092624,30.0122169224847,"cdrep"
"309","PRESERVED_SPECIMEN","Myocastor coypus",-91.825279,30.223146,"cdround"
"310","PRESERVED_SPECIMEN","Myocastor coypus",-91.8289616803087,30.1112099697177,"cdrep"
"311","PRESERVED_SPECIMEN","Myocastor coypus",-91.1489456103507,30.5321980729517,"cdrep"
"312","PRESERVED_SPECIMEN","Myocastor coypus",-91.8839628411433,30.0372122460966,"cdrep"
"313","PRESERVED_SPECIMEN","Myocastor coypus",-90.4049255075968,30.2162099851368,"cdrep"
"314","UNKNOWN","Myocastor coypus",-89.99691,29.84392,"gass84"
"315","PRESERVED_SPECIMEN","Myocastor coypus",-83.76611,30.66972,""
"316","PRESERVED_SPECIMEN","Myocastor coypus",-91.9979663516938,30.2132062262887,"cdrep"
"317","PRESERVED_SPECIMEN","Myocastor coypus",-91.2189447236917,29.6942252005922,"cdrep"
"318","PRESERVED_SPECIMEN","Myocastor coypus",-91.15444,30.45056,""
"319","PRESERVED_SPECIMEN","Myocastor coypus",-91.949675,30.56,""
"320","PRESERVED_SPECIMEN","Myocastor coypus",-91.949966309046,30.5641950678868,"cdrep"
"321","PRESERVED_SPECIMEN","Myocastor coypus",-90.176806,29.769246,""
"322","PRESERVED_SPECIMEN","Myocastor coypus",-90.1549177176,29.7542256973186,"cdrep"
"323","PRESERVED_SPECIMEN","Myocastor coypus",-91.1379428386349,29.7522234712575,"cdrep"
"324","PRESERVED_SPECIMEN","Myocastor coypus",-91.3679490684185,29.8622192762194,"cdrep"
"325","PRESERVED_SPECIMEN","Myocastor coypus",-91.8619612207556,29.719222779473,"cdrep"
"326","PRESERVED_SPECIMEN","Myocastor coypus",-91.8439607050733,29.7022233895063,"cdrep"
"327","PRESERVED_SPECIMEN","Myocastor coypus",-91.7529601529444,30.2372060684388,"cdrep"
"328","PRESERVED_SPECIMEN","Myocastor coypus",-91.5209520719192,29.5822281940415,"cdrep"
"329","PRESERVED_SPECIMEN","Myocastor coypus",-90.3319216989722,29.572231354045,"cdrep"
"330","PRESERVED_SPECIMEN","Myocastor coypus",-89.1398899476989,29.0932501580494,"cdrep"
"331","PRESERVED_SPECIMEN","Myocastor coypus",-91.803959945169,29.78122087032,"cdrep"
"332","PRESERVED_SPECIMEN","Myocastor coypus",-90.2599191578164,29.3352394845425,"cdrep"
"333","PRESERVED_SPECIMEN","Myocastor coypus",-90.358018,29.885911,"gass84"
"334","PRESERVED_SPECIMEN","Myocastor coypus",-90.5449273761948,29.6512282282918,"cdrep"
"335","PRESERVED_SPECIMEN","Myocastor coypus",-90.0609158527034,29.9372198692802,"cdrep"
"336","PRESERVED_SPECIMEN","Myocastor coypus",-89.7189071385685,29.9532200996071,"cdrep"
"337","UNKNOWN","Myocastor coypus",-80.685189,28.220079,"gass84"
"338","UNKNOWN","Myocastor coypus",-81.358139,29.881862,"gass84"
"339","UNKNOWN","Myocastor coypus",-81.638873,30.320873,"gass84"
"340","UNKNOWN","Myocastor coypus",-87.277355,30.502045,"gass84"
"341","UNKNOWN","Myocastor coypus",-83.884229,30.510187,"gass84"
"342","UNKNOWN","Myocastor coypus",-87.021807,30.614138,"gass84"
"343","UNKNOWN","Myocastor coypus",-86.155962,30.637995,"gass84"
"344","UNKNOWN","Myocastor coypus",-86.562467,30.642029,"gass84"
"345","PRESERVED_SPECIMEN","Myocastor coypus",-91.1759456867169,30.3402041632665,"cdrep"
"346","PRESERVED_SPECIMEN","Myocastor coypus",-90.7629328485667,29.6202287527773,"cdrep"
"347","PRESERVED_SPECIMEN","Myocastor coypus",-91.7159576056716,29.7532220185518,"cdrep"
"348","PRESERVED_SPECIMEN","Myocastor coypus",-89.809471,30.683489,"cdround"
"349","PRESERVED_SPECIMEN","Myocastor coypus",-89.7499091689145,30.3802061566083,"cdrep"
"350","PRESERVED_SPECIMEN","Myocastor coypus",-89.7419089283792,30.3682065600475,"cdrep"
"351","PRESERVED_SPECIMEN","Myocastor coypus",-89.8289127061073,30.8931896999651,"cdrep"
"352","PRESERVED_SPECIMEN","Myocastor coypus",-90.9109368946942,29.7062255406171,"cdrep"
"353","PRESERVED_SPECIMEN","Myocastor coypus",-90.7249316665724,29.5512311470503,"cdrep"
"354","PRESERVED_SPECIMEN","Myocastor coypus",-90.5649278718501,29.6462283484786,"cdrep"
"355","PRESERVED_SPECIMEN","Myocastor coypus",-90.0049137791912,29.7192271946346,"cdrep"
"356","PRESERVED_SPECIMEN","Myocastor coypus",-90.6729306761381,29.6612275975592,"cdrep"
"357","PRESERVED_SPECIMEN","Myocastor coypus",-90.1679182812738,29.8322230875235,"cdrep"
"358","PRESERVED_SPECIMEN","Myocastor coypus",-91.9751649568001,29.9723141401653,"cdrep"
"359","UNKNOWN","Myocastor coypus",-75.497106,35.71768,"gass84"
"360","PRESERVED_SPECIMEN","Myocastor coypus",-89.9509122761546,29.6772287106389,"cdrep"
"361","UNKNOWN","Myocastor coypus",-91.861786,29.719099,"cdround,gass84"
"362","UNKNOWN","Myocastor coypus",-91.119654,30.480122,"gass84"
"363","UNKNOWN","Myocastor coypus",-91.53067,30.64722,"gass84"
"364","UNKNOWN","Myocastor coypus",-91.385784,30.867513,"gass84"
"365","UNKNOWN","Myocastor coypus",-91.26623,31.175595,"gass84"
"366","UNKNOWN","Myocastor coypus",-91.354348,31.535545,"gass84"
"367","UNKNOWN","Myocastor coypus",-91.53623,31.577319,"gass84"
"368","UNKNOWN","Myocastor coypus",-91.04697,31.739326,"gass84"
"369","UNKNOWN","Myocastor coypus",-90.921014,31.963371,"gass84"
"370","UNKNOWN","Myocastor coypus",-91.314839,31.967396,"gass84"
"371","UNKNOWN","Myocastor coypus",-90.8548,32.342364,"gass84"
"372","UNKNOWN","Myocastor coypus",-91.186137,32.386807,"gass84"
"373","UNKNOWN","Myocastor coypus",-91.2503,32.766798,"cdround,gass84"
"374","UNKNOWN","Myocastor coypus",-90.989754,32.791494,"gass84"
"375","UNKNOWN","Myocastor coypus",-90.963533,33.354493,"gass84"
"376","UNKNOWN","Myocastor coypus",-90.970917,34.011689,"gass84"
"377","UNKNOWN","Myocastor coypus",-90.57424,34.24822,"gass84"
"378","UNKNOWN","Myocastor coypus",-90.37378,34.672958,"gass84"
"379","UNKNOWN","Myocastor coypus",-89.992068,34.904345,"gass84"
"380","UNKNOWN","Myocastor coypus",-75.53015,35.22462,"gass84"
"381","UNKNOWN","Myocastor coypus",-89.767306,36.193331,"gass84"
"382","UNKNOWN","Myocastor coypus",-75.956958,36.398959,"gass84"
"383","PRESERVED_SPECIMEN","Myocastor coypus",-91.5939577362961,30.738190444512,"cdrep"
"384","UNKNOWN","Myocastor coypus",-85.047119,30.442273,"gass84"
"385","UNKNOWN","Myocastor coypus",-82.679266,27.770861,"cdround,gass84"
"386","UNKNOWN","Myocastor coypus",-82.45815,27.941966,"gass84"
"387","UNKNOWN","Myocastor coypus",-82.0348,29.00859,"gass84"
"388","UNKNOWN","Myocastor coypus",-83.035121,29.138579,"cdround,gass84"
"389","UNKNOWN","Myocastor coypus",-83.1659,29.288296,"cdround,gass84"
"390","UNKNOWN","Myocastor coypus",-84.97741,29.7266,"gass84"
"391","UNKNOWN","Myocastor coypus",-86.5399,30.419922,"cdround,gass84"
"392","UNKNOWN","Myocastor coypus",-86.311,30.439365,"cdround,gass84"
"393","PRESERVED_SPECIMEN","Myocastor coypus",-91.8329615093995,30.0292126365445,"cdrep"
"394","PRESERVED_SPECIMEN","Myocastor coypus",-91.3989487837463,29.5272303342944,"cdrep"
"395","PRESERVED_SPECIMEN","Myocastor coypus",-89.1208896871052,29.1752474001346,"cdrep"
"396","PRESERVED_SPECIMEN","Myocastor coypus",-91.6709569455222,29.9022172098317,"cdrep"
"397","PRESERVED_SPECIMEN","Myocastor coypus",-89.1998918220452,29.2202457032063,"cdrep"
"398","UNKNOWN","Myocastor coypus",-91.8187,30.003537,"cdround,gass84"
"399","UNKNOWN","Myocastor coypus",-89.079536,30.427896,"gass84"
"400","UNKNOWN","Myocastor coypus",-88.633143,30.455709,"gass84"
"401","UNKNOWN","Myocastor coypus",-88.139667,30.722256,"gass84"
"402","UNKNOWN","Myocastor coypus",-87.7667,30.7506,"gass84"
"403","PRESERVED_SPECIMEN","Myocastor coypus",-91.175945638543,30.3252046466501,"cdrep"
"404","PRESERVED_SPECIMEN","Myocastor coypus",-91.3999511960063,30.2662060060522,"cdrep"
"405","PRESERVED_SPECIMEN","Myocastor coypus",-91.5069541505982,30.3302036766628,"cdrep"
"406","PRESERVED_SPECIMEN","Myocastor coypus",-91.8519620489488,30.0452120654402,"cdrep"
"407","PRESERVED_SPECIMEN","Myocastor coypus",-91.1759455903842,30.310205130393,"cdrep"
"408","UNKNOWN","Myocastor coypus",-91.8462,29.566326,"cdround,gass84"
"409","PRESERVED_SPECIMEN","Myocastor coypus",-91.713960654862,30.687191757477,"cdrep"
"410","PRESERVED_SPECIMEN","Myocastor coypus",-91.529958034995,31.3211724708391,"cdrep"
"411","PRESERVED_SPECIMEN","Myocastor coypus",-90.1329176700296,29.9282200035246,"cdrep"
"412","UNKNOWN","Myocastor coypus",-87.935944,30.676897,"gass84"
"413","UNKNOWN","Myocastor coypus",-91.2067,29.699375,"cdround,gass84"
"414","UNKNOWN","Myocastor coypus",-89.206716,29.223277,"cdround,gass84"
"415","PRESERVED_SPECIMEN","Myocastor coypus",-91.050940420656,29.6902257383679,"cdrep"
"416","PRESERVED_SPECIMEN","Myocastor coypus",-91.906219,29.898306,"cdround,gass84"
"417","UNKNOWN","Myocastor coypus",-91.906231,29.89853,"gass84"
"418","PRESERVED_SPECIMEN","Myocastor coypus",-90.26,29.37889,"gass84"
"419","UNKNOWN","Myocastor coypus",-81.5984,29.658303,"cdround,gass84,rdativ"
