Species,Dispersal.Rate
Akodon azarae,0.59
Akodon boliviensis,1.14
Akodon cursor,2.1
Akodon dolores,1.3
Akodon iniscatus,1.14
Akodon molinae,1.19
Akodon montensis,1.17
Akodon neocenus,1.17
Akodon olivaceus,1.21
Akodon paranaensis,1.17
Akodon spegazzinii,1.17
Akodon toba,1.17
Akodon xanthorhinus,1.06
Alces alces,16.95
Alopex lagopus,21.48
Alouatta belzebul,1
Alouatta caraya,0.77
Alouatta guariba,0.79
Alouatta pigra,1.32
Alouatta sara,0.79
Alouatta seniculus,0.87
Alouatta ululata,0.79
Ambystoma californiense,0.2
Ambystoma jeffersonianum,0.34
Ambystoma laterale,0.2
Ambystoma macrodactylum,0.59
Ambystoma maculatum,0.12
Ambystoma opacum,0.14
Ambystoma talpoideum,0.32
Ambystoma texanum,0.06
Ambystoma tigrinum,0.09
Ammospermophilus harrisii,0.71
Ammospermophilus leucurus,0.6
Amphiuma tridactylum,0.1
Andalgalomys roigi,1.09
Aneides aeneus,0.02
Aneides vagrans,0.01
Anolis sagrei,0.01
Aotus azarae,1.02
Aotus infulatus,0.61
Aotus nigriceps,0.53
Aotus vociferans,0.61
Arborimus pomo,1.15
Ascaphus truei,0.05
Ateles belzebuth,1.13
Ateles chamek,0.88
Ateles fusciceps,0.93
Ateles geoffroyi,0.95
Ateles marginatus,0.88
Ateles paniscus,1.55
Atelocynus microtis,25.22
Atelopus oxyrhynchus,NA
Atelopus varius,NA
Auliscomys pictus,1.37
Auliscomys sublimis,1.24
Baiomys taylori,0.65
Bassaricyon beddardi,1.23
Bassariscus astutus,2.1
Bassariscus sumichrasti,0.44
Blarina brevicauda,0.4
Blarina carolinensis,0.13
Blarina hylophaga,0.18
Blastocerus dichotomus,11.27
Bombina variegata,NA
Brachylagus idahoensis,3.5
Bufo americanus,0.86
Bufo baxteri,0.09
Bufo boreas,NA
Bufo bufo,0.42
Bufo calamita,NA
Bufo fowleri,2.81
Bufo hemiophrys,0.17
Bufo japonicus formosus,0.13
Bufo marinus,17.13
Bufo punctatus,0.35
Bufo terrestris,NA
Bufo valliceps,NA
Cabassous tatouay,16.12
Cabassous unicinctus,12.45
Cacajao melanocephalus,0.93
Callicebus bernhardi,0.58
Callicebus caligatus,0.58
Callicebus cupreus,0.52
Callicebus donacophilus,0.48
Callicebus lucifer,0.52
Callicebus lugens,0.52
Callicebus moloch,0.51
Callithrix penicillata,0.64
Calomys callidus,1.12
Calomys callosus,2.48
Calomys laucha,1.02
Calomys lepidus,1.02
Calomys tener,1.12
Caluromys lanatus,1.33
Caluromys philander,1.08
Canis latrans,48.04
Canis lupus,38.75
Castor canadensis,2.9
Cavia aperea,4.83
Cavia fulgida,3.47
Cavia porcellus,6.35
Cavia tschudii,3.22
Cebuella pygmaea,0.26
Cebus albifrons,0.66
Cebus apella,0.57
Cebus libidinosus,0.65
Cebus macrocephalus,0.65
Cebus nigritus,0.65
Cebus olivaceus,0.68
Cebus robustus,0.65
Cerdocyon thous,30.3
Cervus elaphus,1.38
Chaetodipus arenarius,0.57
Chaetodipus artus,0.57
Chaetodipus baileyi,0.6
Chaetodipus eremicus,0.57
Chaetodipus hispidus,0.71
Chaetodipus intermedius,0.51
Chaetodipus nelsoni,0.49
Chaetodipus penicillatus,0.45
Chaetophractus vellerosus,2.42
Chinchilla lanigera,1.52
Chironectes minimus,5.67
Chiropotes albinasus,0.79
Chiropotes sagulatus,0.38
Chiropotes satanas,0.82
Chlamyphorus retusus,0.72
Chlamyphorus truncatus,0.85
Choloepus didactylus,1.05
Chrysocyon brachyurus,9.97
Clethrionomys gapperi,0.83
Clethrionomys rutilus,0.57
Coendou insidiosus,1.15
Coendou mexicanus,1.48
Coendou nycthemera,1.62
Coendou prehensilis,2.12
Condylura cristata,0.3
Conepatus chinga,2.67
Conepatus humboldtii,10.47
Conepatus mesoleucus,9.12
Cratogeomys castanops,1.72
Cryptobranchus alleganiensis,0.13
Cryptotis parva,0.28
Ctenomys bergi,1.41
Ctenomys conoveri,2
Ctenomys frater,0.84
Ctenomys fulvus,0.94
Ctenomys magellanicus,1.08
Ctenomys mendocinus,0.86
Ctenomys nattereri,1.41
Ctenomys porteousi,1.41
Ctenomys rionegrensis,1.41
Ctenomys sericeus,1.41
Ctenomys talarum,0.71
Ctenomys torquatus,0.89
Ctenomys tucumanus,1.01
Cuniculus paca,4.88
Cyclopes didactylus,0.91
Cynomys ludovicianus,0.9
Cynomys parvidens,2.35
Dactylomys dactylinus,3.57
Dasyprocta azarae,2.03
Dasyprocta fuliginosa,2.28
Dasyprocta leporina,2.61
Dasyprocta mexicana,2.33
Dasyprocta prymnolopha,2.44
Dasyprocta punctata,2.29
Dasypus hybridus,3.71
Dasypus kappleri,20.98
Dasypus novemcinctus,5.4
Dasypus sabanicola,12.75
Dasypus septemcinctus,3.85
Deirochelys reticularia,0.12
Dendrobates pumilio,NA
Desmognathus auriculatus,0.01
Desmognathus fuscus,0.01
Desmognathus marmoratus,0.01
Desmognathus monticola,0.01
Desmognathus ochrophaeus,0.01
Desmognathus ocoee,0.01
Desmognathus orestes,0.01
Desmognathus quadramaculatus,0.01
Desmognathus santeetlah,0.01
Desmognathus welteri,0.01
Dicamptodon tenebrosus,NA
Dicrostonyx groenlandicus,2.75
Dicrostonyx hudsonius,1.41
Dicrostonyx richardsoni,1.4
Didelphis albiventris,1.56
Didelphis aurita,2.98
Didelphis marsupialis,2.7
Didelphis virginiana,6.16
Dipodomys californicus,2.37
Dipodomys merriami,0.65
Dipodomys microps,0.92
Dipodomys ordii,0.93
Dipodomys simulans,0.92
Dipodomys spectabilis,NA
Dolichotis patagonum,13.37
Dolichotis salinicola,5.92
Dromiciops gliroides,0.13
Echimys chrysurus,3.55
Eira barbara,2.05
Eleutherodactylus coqui,NA
Eleutherodactylus fitzingeri,NA
Ensatina eschscholtzii platensis,0.04
Erethizon dorsatum,3.88
Euneomys chinchilloides,1.5
Euphractus sexcinctus,NA
Eurycea bislineata,0.42
Eurycea quadridigitata,0.3
Euryzygomatomys spinosus,2.35
Galea flavidens,NA
Galea musteloides,3.97
Galea spixii,2.21
Galictis cuja,1.52
Galictis vittata,4.39
Gastrophryne olivacea,NA
Gastrophryne carolinensis,0.61
Geocrina alba,NA
Geocrina vitellina,NA
Geomys attwateri,2.14
Geomys breviceps,2.56
Geomys bursarius,0.82
Geomys_pinetis,0.96
Geoxus valdivianus,1.17
Glaucomys sabrinus,0.72
Glaucomys volans,0.49
Glyptemys muhlenbergii,0.34
Gopherus polyphemus,NA
Gracilinanus agilis,0.39
Gracilinanus emiliae,0.5
Gracilinanus microtarsus,0.52
Graomys domorum,1.62
Gulo gulo,13.49
Gyrinophilus porphyriticus,0.12
Heleioporus australiacus,NA
Heleioporus eyrei,NA
Herpailurus yaguarondi,13.03
Heteromys australis,0.88
Heteromys gaumeri,0.79
Holochilus brasiliensis,1.96
Holochilus chacarius,2.12
Holochilus sciureus,2.04
Hoplomys gymnurus,1.7
Hyla arborea,NA
Hyla regilla,NA
Hyla versicolor,0.06
Hynobius nebulosus tokyoensis,NA
Irenomys tarsalis,1.28
Isothrix bistriata,3.13
Kannabateomys amblyonyx,3.34
Kerodon rupestris,3.37
Kinosternon subrubrum,0.12
Lagidium peruanum,2.5
Lagostomus maximus,3.53
Lagothrix cana,1.44
Lagothrix lagothricha,0.96
Lama guanicoe,12.5
Leiopelma hochstetteri,NA
Lemmiscus curtatus,1.51
Lemmus trimucronatus,1.65
Leopardus pardalis,21.52
Leopardus tigrinus,4.83
Leopardus wiedii,4.11
Lepus americanus,2.4
Lepus arcticus,5.08
Lepus californicus,3.37
Lepus callotis,3.57
Lepus othus,5.22
Lepus townsendii,4.67
Lestodelphys halli,0.69
Liomys pictus,0.76
Lontra canadensis,16.19
Lontra longicaudis,16.98
Lontra provocax,11.5
Lutreolina crassicaudata,3.95
Lynchailurus braccatus,7.28
Lynchailurus pajeros,10.84
Lyncodon patagonicus,1.05
Lynx canadensis,11.7
Lynx rufus,14.83
Malaclemys terrapin,0.19
Marmosa mexicana,1.14
Marmosa murina,0.6
Marmosops cracens,0.6
Marmosops neblina,0.6
Marmosops noctivagus,0.7
Marmosops parvidens,0.45
Marmota broweri,4
Marmota caligata,3.16
Marmota flaviventris,5.56
Marmota monax,2.25
Martes americana,1.69
Martes pennanti,4.43
Mazama americana,6.92
Mazama gouazoubira,5.8
Mephitis macroura,2.57
Mephitis mephitis,3.21
Mesomys hispidus,2.29
Metachirus nudicaudatus,1.11
Mico chrysoleucus,0.78
Mico humeralifer,0.78
Micoureus constantiae,0.74
Micoureus demerarae,0.8
Micoureus regina,0.8
Microcavia australis,2
Microcavia niata,1.89
Microsciurus flaviventer,0.73
Microtus chrotorrhinus,1.29
Microtus longicaudus,1.75
Microtus mexicanus,1.97
Microtus miurus,2.19
Microtus montanus,1.82
Microtus ochrogaster,1.97
Microtus oeconomus,1.23
Microtus oregoni,1.4
Microtus pennsylvanicus�,1.97
Microtus pinetorum,1.09
Microtus townsendii,2.04
Microtus xanthognathus,0.65
Mixophyes iteratus,NA
Monodelphis brevicaudata,0.49
Monodelphis dimidiata,0.45
Monodelphis domestica,1.09
Monodelphis iheringi,0.63
Monodelphis sorex,0.5
Mustela africana,1.23
Mustela erminea,1.26
Mustela frenata,0.63
Mustela nivalis,0.72
Mustela nivalis,0.72
Mustela vison,4.12
Myocastor coypus,6.63
Myoprocta acouchy,1.5
Myoprocta exilis,1.71
Myoprocta pratti,1.52
Myrmecophaga tridactyla,26.18
Napaeozapus insignis,0.27
Nasua narica,1.38
Nasua nasua,1.42
Neacomys dubosti,0.99
Neacomys guianae,0.98
Neacomys paracou,0.99
Neacomys spinosus,1
Necromys lasiurus,1.21
Nectomys palmipes,2.43
Nectomys squamipes,2.05
Necturus beyeri,NA
Necturus maculosus,0.04
Neofiber alleni,3.27
Neotoma albigula,1.83
Neotoma cinerea,1.03
Neotoma floridana,0.95
Neotoma goldmani,2.01
Neotoma lepida,0.78
Neotoma magister,2.61
Neotoma mexicana,0.92
Neotoma micropus,2.17
Notiosorex crawfordi,0.05
Notophthalmus perstriatus,0.53
Notophthalmus viridescens,0.18
Ochrotomys nuttalli,1.05
Octodon degus,0.94
Odocoileus hemionus,8.56
Odocoileus virginianus,8.87
Oecomys auyantepui,1.39
Oecomys bicolor,1.39
Oecomys concolor,1.39
Oecomys mamorae,1.39
Oecomys paricola,1.39
Oecomys roberti,1.39
Oecomys trinitatis,1.39
Oligoryzomys chacoensis,1.08
Oligoryzomys delticola,1.08
Oligoryzomys eliurus,1.08
Oligoryzomys flavescens,1.08
Oligoryzomys fulvescens,1.08
Oligoryzomys longicaudatus,1.08
Oligoryzomys magellanicus,1.08
Oligoryzomys microtis,1.08
Oligoryzomys nigripes,1.08
Oligoryzomys stramineus,1.08
Oncifelis geoffroyi,8.89
Ondatra zibethicus,2.23
Onychomys arenicola,0.58
Onychomys leucogaster,0.56
Onychomys torridus,0.78
Oreailurus jacobita,8.89
Oryzomys alfaroi,1.89
Oryzomys angouya,1.92
Oryzomys couesi,1.97
Oryzomys macconnelli,2.08
Oryzomys nitidus,1.74
Oryzomys palustris,1.49
Oryzomys perenensis,1.92
Oryzomys subflavus,2.17
Oryzomys yunganus,1.92
Ovibos moschatus,9.4
Ovis canadensis,14.66
Oxymycterus amazonicus,1.77
Oxymycterus angularis,1.77
Oxymycterus hispidus,0.92
Oxymycterus nasutus,1.77
Oxymycterus roberti,1.47
Oxymycterus rufus,1.77
Ozotoceros bezoarticus,7.42
Panthera onca,100.92
Pantherophis alleghaniensis,0.05
Parascalops breweri,0.38
Pecari tajacu,8.42
Pelobates fuscus,NA
Perognathus fasciatus,0.16
Perognathus flavescens,0.4
Perognathus flavus,0.31
Perognathus inornatus,0.51
Perognathus longimembris,0.4
Perognathus merriami,0.4
Peromyscus attwateri,1.58
Peromyscus boylii,1.57
Peromyscus difficilis,1.62
Peromyscus eremicus,1.27
Peromyscus gossypinus,1.18
Peromyscus leucopus,1.01
Peromyscus levipes,1.44
Peromyscus maniculatus,1.01
Peromyscus melanophrys,1.41
Peromyscus perfulvus,1.41
Peromyscus polionotus,1
Peromyscus simulus,1.76
Peromyscus truei,1.27
Peromyscus yucatanicus,1.57
Phenacomys ungava,0.36
Philander andersoni,2.47
Philander frenata,2.47
Philander opossum,2.01
Phyllomedusa bicolor,NA
Phyllotis darwini,1.42
Physaleemus pustulosus,NA
Pithecia irrorata,0.83
Pithecia monachus,0.69
Pithecia pithecia,0.62
Plethodon cinereus,0.05
Plethodon glutinosus,0.04
Plethodon jordani,0.04
Plethodon kentucki,0
Plethodon vehiculum,NA
Podomys floridanus,1.21
Potos flavus,0.85
Priodontes maximus,168.26
Procyon cancrivorus,5.03
Procyon lotor,3.48
Proechimys brevicauda,2.97
Proechimys cayennensis,3.41
Proechimys cuvieri,2.79
Proechimys echinothrix,2.97
Proechimys guairae,3.54
Proechimys iheringi,2.97
Proechimys longicaudatus,2.46
Proechimys quadruplicatus,2.97
Proechimys roberti,2.97
Proechimys semispinosus,2.5
Proechimys setosus,2.97
Proechimys simonsi,2.97
Proechimys steerei,2.97
Proechimys warreni,2.97
Pseudacris triseriata,0.21
Pseudacris maculata,NA
Pseudalopex culpaeus,4.26
Pseudalopex fulvipes,4.26
Pseudalopex griseus,3.85
Pseudalopex gymnocercus,4.82
Pseudalopex vetulus,4.02
Pseudemys scripta,0.45
Pteronura brasiliensis,40.45
Pudu puda,3.58
Puma concolor,48.92
Rana arvalis,NA
Rana aurora,NA
Rana aurora aurora,NA
Rana aurora draytonni,NA
Rana berlandieri,NA
Rana catesbeiana,NA
Rana clamitans,NA
Rana dalmatina,NA
Rana lessonae,NA
Rana lutieventris,NA
Rana mucosa,NA
Rana pipiens,NA
Rana pretiosa,NA
Rana ridibunda,NA
Rana sevosa,NA
Rana sylvatica,NA
Rana temporaria,0.15
Rangifer tarandus,12.05
Reithrodon auritus,2.22
Reithrodontomys fulvescens,0.56
Reithrodontomys humulis,0.57
Reithrodontomys megalotis,1.18
Reithrodontomys montanus,0.47
Rhipidomys gardneri,1.55
Rhipidomys leucodactylus,1.56
Rhipidomys mastacalis,1.54
Rhipidomys nitela,1.55
Rhyacotritdon cascade,NA
Saguinus fuscicollis,0.88
Saguinus imperator,2.2
Saguinus labiatus,0.74
Saguinus midas,0.76
Saguinus nigricollis,0.97
Saguinus oedipus,0.46
Saguinus tripartitus,0.68
Saimiri boliviensis,0.49
Saimiri sciureus,0.31
Saimiri ustus,0.35
Salamandra atra aurorae,NA
Salamandra salamandra,NA
Scalopus aquaticus,0.54
Scapanus latimanus,0.4
Scapanus townsendii,0.52
Scaphiopus holbrookii,0.41
Sceloporus woodi,0.4
Sciurus aestuans,0.87
Sciurus alphonsei,1.31
Sciurus carolinensis,1.11
Sciurus deppei,1.09
Sciurus gilvigularis,1.31
Sciurus ignitus,0.89
Sciurus igniventris,1.31
Sciurus niger,1.87
Sciurus spadiceus,1.33
Sigmodon arizonae,2.56
Sigmodon hispidus,2.8
Sigmodon leucotis,3.8
Sigmodontomys alfari,1.62
Sorex arcticus,0.06
Sorex cinereus,0.08
Sorex fumeus,0.06
Sorex haydeni,0.03
Sorex hoyi,0.02
Sorex longirostris,0.07
Sorex merriami,0.05
Sorex monticolus,0.06
Sorex palustris,0.09
Sorex preblei,0.04
Sorex saussurei,0.04
Sorex trowbridgii,0.04
Sorex tundrensis,0.06
Sorex ugyunak,0.03
Sorex vagrans,0.04
Sorex veraepacis,0.05
Spalacopus cyanus,0.6
Speothos venaticus,22.58
Spermophilus canus,1.31
Poliocitellus franklinii,1.23
Spermophilus parryii,1.83
Spermophilus richardsonii,1.11
Spermophilus spilosoma,0.59
Spermophilus tridecemlineatus,0.74
Spermophilus variegatus,1.88
Spilogale gracilis,4.1
Spilogale putorius,1.88
Sus scrofa,3.16
Sylvilagus aquaticus,6.07
Sylvilagus audubonii,4.6
Sylvilagus brasiliensis,2.12
Sylvilagus cunicularius,3.36
Sylvilagus floridanus,4.68
Sylvilagus nuttallii,4.42
Sylvilagus palustris,3.37
Sylvilagus transitionalis,3.3
Synaptomys borealis,0.54
Synaptomys cooperi,0.69
Syrrhophus marnocki,NA
Tamandua mexicana,7.34
Tamandua tetradactyla,8.43
Tamias minimus,0.38
Tamias quadrivittatus,0.43
Tamias striatus,0.63
Tamiasciurus douglasii,0.88
Tamiasciurus hudsonicus,0.91
Taricha rivularis,1.69
Taxidea taxus,12.03
Tayassu pecari,7.36
Thomomys bottae,0.71
Thomomys monticola,0.53
Thomomys talpoides,0.66
Thrichomys apereoides,1.31
Thylamys elegans,0.5
Thylamys macrura,0.54
Thylamys pallidior,0.54
Thylamys pusilla,0.58
Thylamys velutinus,0.54
Tolypeutes matacus,5.75
Triturus alpestris,NA
Triturus carnifex,NA
Triturus vulgaris,NA
Urocyon littoralis,7.8
Urocyon cinereoargenteus,16.31
Ursus americanus,6.12
Ursus arctos,5.56
Vicugna vicugna,8.5
Vulpes velox,11.28
Vulpes vulpes,17.94
Zaedyus pichiy,NA
Zapus hudsonius,0.68
Zapus princeps,0.15
Zygodontomys brevicauda,1.4
