"Order","Scientific.Name","Environment"
"Mammalia","Puma concolor","Bio1, Bio6, Bio8, Bio9, Bio12, Bio14, Bio16"
"Mammalia","Podomys floridanus","Bio1, Bio6, Bio8, Bio9, Bio12, Bio14, Bio16"
"Mammalia","Sylvilagus aquaticus","Bio1, Bio6, Bio8, Bio9, Bio12, Bio14, Bio16"
"Mammalia","Sylvilagus palustris","Bio1, Bio6, Bio8, Bio9, Bio12, Bio14, Bio16"
"Mammalia","Geomys pinetis","Bio1, Bio6, Bio8, Bio9, Bio12, Bio14, Bio16"
"Mammalia","Neofiber alleni","Bio1, Bio6, Bio8, Bio9, Bio12, Bio14, Bio16"
