"","SpeciesSearched","Taxon","Species","Scientific.Name","OrigOccurrences","Occurrences","SA_Occur","Keys","Names","Family","Genus","Status","Class"
"1","Puma concolor","Mammalia","Puma_concolor","Puma concolor",81,26,26," 2435099","Puma concolor","Felidae","Puma",NA,"Mammalia"
"2","Myocastor coypus","Mammalia","Myocastor_coypus","Myocastor coypus",614,402,402," 4264680","Myocastor coypus","Myocastoridae","Myocastor",NA,"Mammalia"
"3","Sylvilagus aquaticus","Mammalia","Sylvilagus_aquaticus","Sylvilagus aquaticus",291,197,197," 2436883","Sylvilagus aquaticus","Leporidae","Sylvilagus",NA,"Mammalia"
"4","Sylvilagus palustris","Mammalia","Sylvilagus_palustris","Sylvilagus palustris",796,597,597," 2436840","Sylvilagus palustris","Leporidae","Sylvilagus",NA,"Mammalia"
"5","Geomys pinetis","Mammalia","Geomys_pinetis","Geomys pinetis",1330,347,347," 2439377","Geomys pinetis","Geomyidae","Geomys",NA,"Mammalia"
"6","Glaucomys volans","Mammalia","Glaucomys_volans","Glaucomys volans",1387,344,344," 2437338","Glaucomys volans","Sciuridae","Glaucomys",NA,"Mammalia"
